vocab_size,embed_dim,num_characters,Non_vocab_parameters,FLOPs,Lossu
4096.0,512.0,180820540.85207617,33222784.0,1.271517696e+16,-1.3494449853897095
4096.0,512.0,361641081.70415235,33222784.0,2.543035392e+16,-2.0973777770996094
4096.0,512.0,542461622.5562285,33222784.0,3.814553088e+16,-2.502056121826172
4096.0,512.0,723282163.4083047,33222784.0,5.086070784e+16,-2.7609572410583483
4096.0,512.0,904102704.2603809,33222784.0,6.35758848e+16,-2.8973426818847656
4096.0,512.0,1084923245.112457,33222784.0,7.629106176e+16,-3.036267042160034
4096.0,512.0,1265743785.964533,33222784.0,8.900623872e+16,-3.1521780490875244
4096.0,512.0,1446564326.8166094,33222784.0,1.0172141568e+17,-3.2433104515075684
4096.0,512.0,1627384867.6686854,33222784.0,1.1443659264e+17,-3.4037160873413086
4096.0,512.0,1808205408.5207617,33222784.0,1.271517696e+17,-3.5318007469177246
4096.0,512.0,1989025949.3728378,33222784.0,1.3986694656e+17,-3.621314525604248
4096.0,512.0,2169846490.224914,33222784.0,1.5258212352e+17,-3.7126035690307617
4096.0,512.0,2350667031.07699,33222784.0,1.6529730048e+17,-3.743427038192749
4096.0,512.0,2531487571.929066,33222784.0,1.7801247744e+17,-3.7540900707244873
4096.0,512.0,2712308112.7811427,33222784.0,1.907276544e+17,-3.828134059906006
4096.0,512.0,2893128653.633219,33222784.0,2.0344283136e+17,-3.849217653274536
4096.0,512.0,3073949194.485295,33222784.0,2.1615800832e+17,-3.8648250102996826
4096.0,512.0,3254769735.337371,33222784.0,2.2887318528e+17,-3.8869221210479736
4096.0,512.0,3435590276.1894474,33222784.0,2.4158836224e+17,-3.926177978515625
4096.0,512.0,3616410817.0415235,33222784.0,2.543035392e+17,-3.940192699432373
6144.0,512.0,192381947.0290163,33222784.0,1.309266432e+16,-1.2201299667358398
6144.0,512.0,384763894.0580326,33222784.0,2.618532864e+16,-2.084698438644409
6144.0,512.0,577145841.0870489,33222784.0,3.927799296e+16,-2.4628841876983643
6144.0,512.0,769527788.1160651,33222784.0,5.237065728e+16,-2.686955690383911
6144.0,512.0,961909735.1450814,33222784.0,6.54633216e+16,-2.8678483963012695
6144.0,512.0,1154291682.1740978,33222784.0,7.855598592e+16,-3.015336751937866
6144.0,512.0,1346673629.203114,33222784.0,9.164865024e+16,-3.0977530479431152
6144.0,512.0,1539055576.2321303,33222784.0,1.0474131456e+17,-3.2078869342803955
6144.0,512.0,1731437523.2611465,33222784.0,1.1783397888e+17,-3.361229658126831
6144.0,512.0,1923819470.2901628,33222784.0,1.309266432e+17,-3.506842851638794
6144.0,512.0,2116201417.319179,33222784.0,1.4401930752e+17,-3.6087861061096187
6144.0,512.0,2308583364.3481956,33222784.0,1.5711197184e+17,-3.6923012733459473
6144.0,512.0,2500965311.3772116,33222784.0,1.7020463616e+17,-3.7419869899749756
6144.0,512.0,2693347258.406228,33222784.0,1.8329730048e+17,-3.781939029693603
6144.0,512.0,2885729205.435244,33222784.0,1.963899648e+17,-3.818378448486328
6144.0,512.0,3078111152.4642606,33222784.0,2.0948262912e+17,-3.854008913040161
6144.0,512.0,3270493099.4932766,33222784.0,2.2257529344e+17,-3.8946571350097656
6144.0,512.0,3462875046.522293,33222784.0,2.3566795776e+17,-3.916520833969116
6144.0,512.0,3655256993.551309,33222784.0,2.4876062208e+17,-3.9336869716644287
6144.0,512.0,3847638940.5803256,33222784.0,2.618532864e+17,-3.9457671642303467
8192.0,512.0,200665028.14787918,33222784.0,1.347015168e+16,-1.109706997871399
8192.0,512.0,401330056.29575837,33222784.0,2.694030336e+16,-2.0917375087738037
8192.0,512.0,601995084.4436375,33222784.0,4.041045504e+16,-2.434530019760131
8192.0,512.0,802660112.5915167,33222784.0,5.388060672e+16,-2.7020678520202632
8192.0,512.0,1003325140.7393959,33222784.0,6.73507584e+16,-2.856154680252074
8192.0,512.0,1203990168.887275,33222784.0,8.082091008e+16,-3.0005998611450195
8192.0,512.0,1404655197.035154,33222784.0,9.429106176e+16,-3.095586061477661
8192.0,512.0,1605320225.1830335,33222784.0,1.0776121344e+17,-3.1814582347869873
8192.0,512.0,1805985253.3309126,33222784.0,1.2123136512e+17,-3.2765326499938965
8192.0,512.0,2006650281.4787917,33222784.0,1.347015168e+17,-3.442108154296875
8192.0,512.0,2207315309.626671,33222784.0,1.4817166848e+17,-3.5644853115081787
8192.0,512.0,2407980337.77455,33222784.0,1.6164182016e+17,-3.6362338066101074
8192.0,512.0,2608645365.922429,33222784.0,1.7511197184e+17,-3.731187582015991
8192.0,512.0,2809310394.070308,33222784.0,1.8858212352e+17,-3.773698568344116
8192.0,512.0,3009975422.2181873,33222784.0,2.020522752e+17,-3.810213565826416
8192.0,512.0,3210640450.366067,33222784.0,2.1552242688e+17,-3.8511691093444824
8192.0,512.0,3411305478.513946,33222784.0,2.2899257856e+17,-3.876185894012447
8192.0,512.0,3611970506.661825,33222784.0,2.4246273024e+17,-3.906224012374878
8192.0,512.0,3812635534.8097043,33222784.0,2.5593288192e+17,-3.9381601810455322
8192.0,512.0,4013300562.9575834,33222784.0,2.694030336e+17,-3.936743974685669
10240.0,512.0,207075999.29477254,33222784.0,1.384763904e+16,-1.0527575016021729
10240.0,512.0,414151998.5895451,33222784.0,2.769527808e+16,-2.041045665740967
10240.0,512.0,621227997.8843176,33222784.0,4.154291712e+16,-2.4415647983550697
10240.0,512.0,828303997.1790901,33222784.0,5.539055616e+16,-2.688847303390503
10240.0,512.0,1035379996.4738628,33222784.0,6.92381952e+16,-2.8532512187957764
10240.0,512.0,1242455995.7686353,33222784.0,8.308583424e+16,-2.9677557945251465
10240.0,512.0,1449531995.063408,33222784.0,9.693347328e+16,-3.0796713829040527
10240.0,512.0,1656607994.3581803,33222784.0,1.1078111232e+17,-3.137906074523926
10240.0,512.0,1863683993.652953,33222784.0,1.2462875136e+17,-3.2515673637390137
10240.0,512.0,2070759992.9477255,33222784.0,1.384763904e+17,-3.3772165775299072
10240.0,512.0,2277835992.242498,33222784.0,1.5232402944e+17,-3.5052218437194824
10240.0,512.0,2484911991.5372705,33222784.0,1.6617166848e+17,-3.6217403411865234
10240.0,512.0,2691987990.832043,33222784.0,1.8001930752e+17,-3.6939704418182373
10240.0,512.0,2899063990.126816,33222784.0,1.9386694656e+17,-3.752220869064331
10240.0,512.0,3106139989.4215884,33222784.0,2.077145856e+17,-3.7763912677764893
10240.0,512.0,3313215988.7163606,33222784.0,2.2156222464e+17,-3.819117546081543
10240.0,512.0,3520291988.011133,33222784.0,2.3540986368e+17,-3.859236001968384
10240.0,512.0,3727367987.305906,33222784.0,2.4925750272e+17,-3.892894983291626
10240.0,512.0,3934443986.6006784,33222784.0,2.6310514176e+17,-3.9177801609039307
10240.0,512.0,4141519985.895451,33222784.0,2.769527808e+17,-3.946394681930542
16384.0,512.0,220318392.5598375,33222784.0,1.498010112e+16,-0.9297419786453247
16384.0,512.0,440636785.119675,33222784.0,2.996020224e+16,-1.9638468027114866
16384.0,512.0,660955177.6795125,33222784.0,4.494030336e+16,-2.3793976306915283
16384.0,512.0,881273570.23935,33222784.0,5.992040448e+16,-2.6371514797210693
16384.0,512.0,1101591962.7991874,33222784.0,7.49005056e+16,-2.796508312225342
16384.0,512.0,1321910355.359025,33222784.0,8.988060672e+16,-2.900198459625244
16384.0,512.0,1542228747.9188623,33222784.0,1.0486070784e+17,-3.0161123275756836
16384.0,512.0,1762547140.4787,33222784.0,1.1984080896e+17,-3.1261720657348633
16384.0,512.0,1982865533.0385375,33222784.0,1.3482091008e+17,-3.2733471393585205
16384.0,512.0,2203183925.598375,33222784.0,1.498010112e+17,-3.4189417362213135
16384.0,512.0,2423502318.1582127,33222784.0,1.6478111232e+17,-3.526545763015747
16384.0,512.0,2643820710.71805,33222784.0,1.7976121344e+17,-3.628222942352295
16384.0,512.0,2864139103.2778873,33222784.0,1.9474131456e+17,-3.678687334060669
16384.0,512.0,3084457495.8377247,33222784.0,2.0972141568e+17,-3.7309014797210693
16384.0,512.0,3304775888.3975625,33222784.0,2.247015168e+17,-3.779529094696045
16384.0,512.0,3525094280.9574,33222784.0,2.3968161792e+17,-3.82645845413208
16384.0,512.0,3745412673.517237,33222784.0,2.5466171904e+17,-3.8676881790161133
16384.0,512.0,3965731066.077075,33222784.0,2.6964182016e+17,-3.8902223110198975
16384.0,512.0,4186049458.6369123,33222784.0,2.8462192128e+17,-3.908341407775879
16384.0,512.0,4406367851.19675,33222784.0,2.996020224e+17,-3.93831729888916
24576.0,512.0,231144337.53638497,33222784.0,1.649005056e+16,-0.8704224228858946
24576.0,512.0,462288675.07276994,33222784.0,3.298010112e+16,-1.8883559703826904
24576.0,512.0,693433012.6091549,33222784.0,4.947015168e+16,-2.345982789993286
24576.0,512.0,924577350.1455399,33222784.0,6.596020224e+16,-2.5596139430999756
24576.0,512.0,1155721687.6819248,33222784.0,8.24502528e+16,-2.760455846786499
24576.0,512.0,1386866025.2183099,33222784.0,9.894030336e+16,-2.871138572692871
24576.0,512.0,1618010362.7546947,33222784.0,1.1543035392e+17,-3.003904342651367
24576.0,512.0,1849154700.2910798,33222784.0,1.3192040448e+17,-3.060243844985962
24576.0,512.0,2080299037.8274648,33222784.0,1.4841045504e+17,-3.1831467151641846
24576.0,512.0,2311443375.3638496,33222784.0,1.649005056e+17,-3.2913811206817627
24576.0,512.0,2542587712.9002347,33222784.0,1.8139055616e+17,-3.411417007446289
24576.0,512.0,2773732050.4366198,33222784.0,1.9788060672e+17,-3.5647854804992676
24576.0,512.0,3004876387.9730043,33222784.0,2.1437065728e+17,-3.643373727798462
24576.0,512.0,3236020725.5093894,33222784.0,2.3086070784e+17,-3.740389108657837
24576.0,512.0,3467165063.0457745,33222784.0,2.473507584e+17,-3.7331933975219727
24576.0,512.0,3698309400.5821595,33222784.0,2.6384080896e+17,-3.8190577030181885
24576.0,512.0,3929453738.1185446,33222784.0,2.8033085952e+17,-3.853163719177246
24576.0,512.0,4160598075.6549296,33222784.0,2.9682091008e+17,-3.8948652744293213
24576.0,512.0,4391742413.191315,33222784.0,3.1331096064e+17,-3.913558006286621
24576.0,512.0,4622886750.727699,33222784.0,3.298010112e+17,-3.9084458351135254
32768.0,512.0,238281663.05606565,33222784.0,1.8e+16,-0.7496922612190247
32768.0,512.0,476563326.1121313,33222784.0,3.6e+16,-1.8183139562606812
32768.0,512.0,714844989.1681969,33222784.0,5.4e+16,-2.297482490539551
32768.0,512.0,953126652.2242626,33222784.0,7.2e+16,-2.578272819519043
32768.0,512.0,1191408315.2803283,33222784.0,9e+16,-2.7681336402893066
32768.0,512.0,1429689978.3363938,33222784.0,1.08e+17,-2.8864264488220215
32768.0,512.0,1667971641.3924596,33222784.0,1.26e+17,-3.011295795440672
32768.0,512.0,1906253304.4485252,33222784.0,1.44e+17,-3.090085029602051
32768.0,512.0,2144534967.5045907,33222784.0,1.62e+17,-3.1756904125213623
32768.0,512.0,2382816630.5606565,33222784.0,1.8e+17,-3.354624032974243
32768.0,512.0,2621098293.616722,33222784.0,1.98e+17,-3.4649972915649414
32768.0,512.0,2859379956.6727877,33222784.0,2.16e+17,-3.5683724880218506
32768.0,512.0,3097661619.728853,33222784.0,2.34e+17,-3.6438095569610596
32768.0,512.0,3335943282.7849193,33222784.0,2.52e+17,-3.703045606613159
32768.0,512.0,3574224945.840985,33222784.0,2.7e+17,-3.722569704055786
32768.0,512.0,3812506608.8970504,33222784.0,2.88e+17,-3.783585548400879
32768.0,512.0,4050788271.953116,33222784.0,3.06e+17,-3.8100647926330566
32768.0,512.0,4289069935.0091815,33222784.0,3.24e+17,-3.835064172744751
32768.0,512.0,4527351598.065248,33222784.0,3.42e+17,-3.878819227218628
32768.0,512.0,4765633261.121313,33222784.0,3.6e+17,-3.889167308807373
48128.0,512.0,246847762.0310974,33222784.0,2.08311552e+16,-0.7742501038147823
48128.0,512.0,493695524.0621948,33222784.0,4.16623104e+16,-1.8629081982209101
48128.0,512.0,740543286.0932922,33222784.0,6.24934656e+16,-2.351816846711816
48128.0,512.0,987391048.1243896,33222784.0,8.33246208e+16,-2.6269092100693596
48128.0,512.0,1234238810.155487,33222784.0,1.04155776e+17,-2.8179811972214583
48128.0,512.0,1481086572.1865845,33222784.0,1.249869312e+17,-2.9492926138474362
48128.0,512.0,1727934334.217682,33222784.0,1.458180864e+17,-3.0677914160324944
48128.0,512.0,1974782096.2487793,33222784.0,1.666492416e+17,-3.146400167329492
48128.0,512.0,2221629858.2798767,33222784.0,1.874803968e+17,-3.2535156744553464
48128.0,512.0,2468477620.310974,33222784.0,2.08311552e+17,-3.3111261862351316
48128.0,512.0,2715325382.3420715,33222784.0,2.291427072e+17,-3.4299187201096406
48128.0,512.0,2962173144.373169,33222784.0,2.499738624e+17,-3.53907437501687
48128.0,512.0,3209020906.4042664,33222784.0,2.708050176e+17,-3.6286220091416257
48128.0,512.0,3455868668.435364,33222784.0,2.916361728e+17,-3.6750163572861565
48128.0,512.0,3702716430.466461,33222784.0,3.12467328e+17,-3.7266649740769284
48128.0,512.0,3949564192.4975586,33222784.0,3.332984832e+17,-3.774959995134057
48128.0,512.0,4196411954.528656,33222784.0,3.541296384e+17,-3.8660583036972893
48128.0,512.0,4443259716.559753,33222784.0,3.749607936e+17,-3.89922423539895
48128.0,512.0,4690107478.590851,33222784.0,3.957919488e+17,-3.951054050309838
48128.0,512.0,4936955240.621948,33222784.0,4.16623104e+17,-3.9528760450913323
64512.0,512.0,252447085.56221083,33222784.0,2.385105408e+16,-0.6966747118798507
64512.0,512.0,504894171.12442166,33222784.0,4.770210816e+16,-1.8159989787904036
64512.0,512.0,757341256.6866325,33222784.0,7.155316224e+16,-2.2482819034425034
64512.0,512.0,1009788342.2488433,33222784.0,9.540421632e+16,-2.5318600608674298
64512.0,512.0,1262235427.811054,33222784.0,1.192552704e+17,-2.747353739914061
64512.0,512.0,1514682513.373265,33222784.0,1.4310632448e+17,-2.8715030624238267
64512.0,512.0,1767129598.9354758,33222784.0,1.6695737856e+17,-2.9973973705140367
64512.0,512.0,2019576684.4976866,33222784.0,1.9080843264e+17,-3.0828017665711656
64512.0,512.0,2272023770.0598974,33222784.0,2.1465948672e+17,-3.169782347854735
64512.0,512.0,2524470855.622108,33222784.0,2.385105408e+17,-3.2476624919739976
64512.0,512.0,2776917941.184319,33222784.0,2.6236159488e+17,-3.370869822677733
64512.0,512.0,3029365026.74653,33222784.0,2.8621264896e+17,-3.4598357154694805
64512.0,512.0,3281812112.3087406,33222784.0,3.1006370304e+17,-3.556604571518065
64512.0,512.0,3534259197.8709517,33222784.0,3.3391475712e+17,-3.6395835353699937
64512.0,512.0,3786706283.433162,33222784.0,3.577658112e+17,-3.6823379470673814
64512.0,512.0,4039153368.9953732,33222784.0,3.8161686528e+17,-3.7617990447846665
64512.0,512.0,4291600454.557584,33222784.0,4.0546791936e+17,-3.775633759674193
64512.0,512.0,4544047540.119795,33222784.0,4.2931897344e+17,-3.827856488403441
64512.0,512.0,4796494625.682006,33222784.0,4.5317002752e+17,-3.860357470687987
64512.0,512.0,5048941711.244216,33222784.0,4.770210816e+17,-3.90378446119702
96256.0,512.0,258527887.8482533,33222784.0,2.970210816e+16,-0.5114334225654602
96256.0,512.0,517055775.6965066,33222784.0,5.940421632e+16,-1.7146389484405513
96256.0,512.0,775583663.54476,33222784.0,8.910632448e+16,-2.1852903366088867
96256.0,512.0,1034111551.3930132,33222784.0,1.1880843264e+17,-2.4714221954345703
96256.0,512.0,1292639439.2412665,33222784.0,1.485105408e+17,-2.6505143642425537
96256.0,512.0,1551167327.08952,33222784.0,1.7821264896e+17,-2.8134007453918457
96256.0,512.0,1809695214.9377732,33222784.0,2.0791475712e+17,-2.923154830932617
96256.0,512.0,2068223102.7860265,33222784.0,2.3761686528e+17,-3.016484260559082
96256.0,512.0,2326750990.6342797,33222784.0,2.6731897344e+17,-3.1053497791290283
96256.0,512.0,2585278878.482533,33222784.0,2.970210816e+17,-3.2000784873962402
96256.0,512.0,2843806766.330786,33222784.0,3.2672318976e+17,-3.2921299934387207
96256.0,512.0,3102334654.17904,33222784.0,3.5642529792e+17,-3.3827199935913086
96256.0,512.0,3360862542.027293,33222784.0,3.8612740608e+17,-3.482801914215088
96256.0,512.0,3619390429.8755465,33222784.0,4.1582951424e+17,-3.5557689666748047
96256.0,512.0,3877918317.7237997,33222784.0,4.455316224e+17,-3.6119065284729004
96256.0,512.0,4136446205.572053,33222784.0,4.7523373056e+17,-3.668884038925171
96256.0,512.0,4394974093.420306,33222784.0,5.0493583872e+17,-3.7122979164123535
96256.0,512.0,4653501981.268559,33222784.0,5.3463794688e+17,-3.7712197303771973
96256.0,512.0,4912029869.116813,33222784.0,5.6434005504e+17,-3.8164584636688232
96256.0,512.0,5170557756.965066,33222784.0,5.940421632e+17,-3.8402352333068848
4096.0,768.0,452051352.13019043,84834176.0,7.91819136e+16,-2.2428252696990967
4096.0,768.0,904102704.2603809,84834176.0,1.583638272e+17,-2.983997106552124
4096.0,768.0,1356154056.3905714,84834176.0,2.375457408e+17,-3.4693822860717773
4096.0,768.0,1808205408.5207617,84834176.0,3.167276544e+17,-3.79350996017456
4096.0,768.0,2260256760.650952,84834176.0,3.95909568e+17,-3.9217793941497803
4096.0,768.0,2712308112.7811427,84834176.0,4.750914816e+17,-4.006694793701172
4096.0,768.0,3164359464.9113326,84834176.0,5.5427339519999994e+17,-4.056240081787109
4096.0,768.0,3616410817.0415235,84834176.0,6.334553088e+17,-4.125580787658691
4096.0,768.0,4068462169.171714,84834176.0,7.126372224e+17,-4.15493106842041
4096.0,768.0,4520513521.301904,84834176.0,7.91819136e+17,-4.189092636108398
4096.0,768.0,4972564873.432096,84834176.0,8.710010496000001e+17,-4.22733449935913
4096.0,768.0,5424616225.562285,84834176.0,9.501829632e+17,-4.225904941558838
4096.0,768.0,5876667577.692475,84834176.0,1.0293648768e+18,-4.236186504364014
4096.0,768.0,6328718929.822665,84834176.0,1.1085467903999999e+18,-4.285547256469727
4096.0,768.0,6780770281.952856,84834176.0,1.187728704e+18,-4.287508010864258
4096.0,768.0,7232821634.083047,84834176.0,1.2669106176e+18,-4.305283546447754
4096.0,768.0,7684872986.213237,84834176.0,1.3460925312e+18,-4.3234710693359375
4096.0,768.0,8136924338.343428,84834176.0,1.4252744448e+18,-4.320621967315674
4096.0,768.0,8588975690.473618,84834176.0,1.5044563584e+18,-4.348074436187744
4096.0,768.0,9041027042.603807,84834176.0,1.583638272e+18,-4.350466251373291
6144.0,768.0,480954867.5725407,84834176.0,8.05974912e+16,-2.2282087802886963
6144.0,768.0,961909735.1450814,84834176.0,1.611949824e+17,-2.902653455734253
6144.0,768.0,1442864602.717622,84834176.0,2.417924736e+17,-3.4953498840332027
6144.0,768.0,1923819470.2901628,84834176.0,3.223899648e+17,-3.8055312633514404
6144.0,768.0,2404774337.8627033,84834176.0,4.02987456e+17,-3.9580376148223877
6144.0,768.0,2885729205.435244,84834176.0,4.835849472e+17,-4.044609069824219
6144.0,768.0,3366684073.0077844,84834176.0,5.6418243839999994e+17,-4.101754188537598
6144.0,768.0,3847638940.5803256,84834176.0,6.447799296e+17,-4.141355991363525
6144.0,768.0,4328593808.152866,84834176.0,7.253774208e+17,-4.170334815979004
6144.0,768.0,4809548675.725407,84834176.0,8.05974912e+17,-4.227059364318848
6144.0,768.0,5290503543.297949,84834176.0,8.865724032000001e+17,-4.256234645843506
6144.0,768.0,5771458410.870488,84834176.0,9.671698944e+17,-4.269064426422119
6144.0,768.0,6252413278.443029,84834176.0,1.0477673856e+18,-4.295668601989746
6144.0,768.0,6733368146.015569,84834176.0,1.1283648767999999e+18,-4.330637454986572
6144.0,768.0,7214323013.588111,84834176.0,1.208962368e+18,-4.3415141105651855
6144.0,768.0,7695277881.160651,84834176.0,1.2895598592e+18,-4.34542989730835
6144.0,768.0,8176232748.7331915,84834176.0,1.3701573504e+18,-4.378812313079834
6144.0,768.0,8657187616.305733,84834176.0,1.4507548416e+18,-4.370872974395752
6144.0,768.0,9138142483.878273,84834176.0,1.5313523328e+18,-4.375135898590088
6144.0,768.0,9619097351.450813,84834176.0,1.611949824e+18,-4.406124591827393
8192.0,768.0,501662570.3696979,84834176.0,8.20130688e+16,-2.169344663619995
8192.0,768.0,1003325140.7393959,84834176.0,1.640261376e+17,-2.8399434089660645
8192.0,768.0,1504987711.1090937,84834176.0,2.460392064e+17,-3.32954740524292
8192.0,768.0,2006650281.4787917,84834176.0,3.280522752e+17,-3.7482478618621826
8192.0,768.0,2508312851.8484898,84834176.0,4.10065344e+17,-3.947021484375
8192.0,768.0,3009975422.2181873,84834176.0,4.920784128e+17,-3.99386596679687
8192.0,768.0,3511637992.587885,84834176.0,5.7409148159999994e+17,-4.0660247802734375
8192.0,768.0,4013300562.9575834,84834176.0,6.561045504e+17,-4.106224060058594
8192.0,768.0,4514963133.327281,84834176.0,7.381176192e+17,-4.168512344360352
8192.0,768.0,5016625703.6969795,84834176.0,8.20130688e+17,-4.20014762878418
8192.0,768.0,5518288274.066678,84834176.0,9.021437568000001e+17,-4.25281286239624
8192.0,768.0,6019950844.436375,84834176.0,9.841568256e+17,-4.253537654876709
8192.0,768.0,6521613414.806073,84834176.0,1.0661698944e+18,-4.2722907066345215
8192.0,768.0,7023275985.17577,84834176.0,1.1481829631999999e+18,-4.316758632659905
8192.0,768.0,7524938555.545469,84834176.0,1.230196032e+18,-4.338398456573486
8192.0,768.0,8026601125.915167,84834176.0,1.3122091008e+18,-4.333736419677734
8192.0,768.0,8528263696.284864,84834176.0,1.3942221696e+18,-4.368287563323975
8192.0,768.0,9029926266.654562,84834176.0,1.4762352384e+18,-4.391592502593994
8192.0,768.0,9531588837.024261,84834176.0,1.5582483072e+18,-4.372014045715332
8192.0,768.0,10033251407.393959,84834176.0,1.640261376e+18,-4.4091315269470215
10240.0,768.0,517689998.2369314,84834176.0,8.34286464e+16,-2.1327574253082244
10240.0,768.0,1035379996.4738628,84834176.0,1.668572928e+17,-2.8691210746765137
10240.0,768.0,1553069994.7107942,84834176.0,2.502859392e+17,-3.3349947929382324
10240.0,768.0,2070759992.9477255,84834176.0,3.337145856e+17,-3.6955981254577637
10240.0,768.0,2588449991.184657,84834176.0,4.17143232e+17,-3.923959493637085
10240.0,768.0,3106139989.4215884,84834176.0,5.005718784e+17,-4.0277099609375
10240.0,768.0,3623829987.6585193,84834176.0,5.840005247999999e+17,-4.09706449508667
10240.0,768.0,4141519985.895451,84834176.0,6.674291712e+17,-4.146170139312744
10240.0,768.0,4659209984.132382,84834176.0,7.508578176e+17,-4.151465892791748
10240.0,768.0,5176899982.369314,84834176.0,8.34286464e+17,-4.2278289794921875
10240.0,768.0,5694589980.606246,84834176.0,9.177151104000001e+17,-4.259616374969482
10240.0,768.0,6212279978.843177,84834176.0,1.0011437568e+18,-4.276420593261719
10240.0,768.0,6729969977.080108,84834176.0,1.0845724032e+18,-4.298261642456055
10240.0,768.0,7247659975.317039,84834176.0,1.1680010495999997e+18,-4.290747165679932
10240.0,768.0,7765349973.55397,84834176.0,1.251429696e+18,-4.346240043640137
10240.0,768.0,8283039971.790902,84834176.0,1.3348583424e+18,-4.368785381317139
10240.0,768.0,8800729970.027834,84834176.0,1.4182869888e+18,-4.38607120513916
10240.0,768.0,9318419968.264765,84834176.0,1.5017156352e+18,-4.394491672515869
10240.0,768.0,9836109966.501696,84834176.0,1.5851442816e+18,-4.401953220367432
10240.0,768.0,10353799964.738628,84834176.0,1.668572928e+18,-4.390820026397705
16384.0,768.0,550795981.3995937,84834176.0,8.76753792e+16,-2.103867530822754
16384.0,768.0,1101591962.7991874,84834176.0,1.753507584e+17,-2.782581329345703
16384.0,768.0,1652387944.1987813,84834176.0,2.630261376e+17,-3.2631025314331055
16384.0,768.0,2203183925.598375,84834176.0,3.507015168e+17,-3.683243751525879
16384.0,768.0,2753979906.9979687,84834176.0,4.38376896e+17,-3.9124128818511963
16384.0,768.0,3304775888.3975625,84834176.0,5.260522752e+17,-4.006842136383057
16384.0,768.0,3855571869.797156,84834176.0,6.137276543999999e+17,-4.073378086090088
16384.0,768.0,4406367851.19675,84834176.0,7.014030336e+17,-4.137034893035889
16384.0,768.0,4957163832.596344,84834176.0,7.890784128e+17,-4.190104961395264
16384.0,768.0,5507959813.995937,84834176.0,8.76753792e+17,-4.220297336578369
16384.0,768.0,6058755795.395532,84834176.0,9.644291712000001e+17,-4.252919673919678
16384.0,768.0,6609551776.795125,84834176.0,1.0521045504e+18,-4.285053253173828
16384.0,768.0,7160347758.194718,84834176.0,1.1397799296e+18,-4.317419528961182
16384.0,768.0,7711143739.594312,84834176.0,1.2274553087999997e+18,-4.3454766273498535
16384.0,768.0,8261939720.993906,84834176.0,1.315130688e+18,-4.328074932098389
16384.0,768.0,8812735702.3935,84834176.0,1.4028060672e+18,-4.362813472747803
16384.0,768.0,9363531683.793093,84834176.0,1.4904814464e+18,-4.363940715789795
16384.0,768.0,9914327665.192688,84834176.0,1.5781568256e+18,-4.399096965789795
16384.0,768.0,10465123646.592281,84834176.0,1.6658322048e+18,-4.390333652496338
16384.0,768.0,11015919627.991875,84834176.0,1.753507584e+18,-4.434382915496826
24576.0,768.0,577860843.8409624,84834176.0,9.33376896e+16,-2.0115556716918945
24576.0,768.0,1155721687.6819248,84834176.0,1.866753792e+17,-2.7441396713256836
24576.0,768.0,1733582531.5228872,84834176.0,2.800130688e+17,-3.147697925567627
24576.0,768.0,2311443375.3638496,84834176.0,3.733507584e+17,-3.5213913917541504
24576.0,768.0,2889304219.204812,84834176.0,4.66688448e+17,-3.8091647624969482
24576.0,768.0,3467165063.0457745,84834176.0,5.600261376e+17,-3.9544575214385986
24576.0,768.0,4045025906.8867364,84834176.0,6.533638271999999e+17,-4.030877113342285
24576.0,768.0,4622886750.727699,84834176.0,7.467015168e+17,-4.110095024108887
24576.0,768.0,5200747594.568662,84834176.0,8.400392064e+17,-4.184093475341797
24576.0,768.0,5778608438.409624,84834176.0,9.33376896e+17,-4.213967323303223
24576.0,768.0,6356469282.250587,84834176.0,1.0267145856000001e+18,-4.256446838378906
24576.0,768.0,6934330126.091549,84834176.0,1.1200522752e+18,-4.272614479064941
24576.0,768.0,7512190969.932511,84834176.0,1.2133899648e+18,-4.3045148849487305
24576.0,768.0,8090051813.773473,84834176.0,1.3067276543999997e+18,-4.325991630554199
24576.0,768.0,8667912657.614437,84834176.0,1.400065344e+18,-4.347960472106934
24576.0,768.0,9245773501.455399,84834176.0,1.4934030336e+18,-4.361451625823975
24576.0,768.0,9823634345.296362,84834176.0,1.5867407232e+18,-4.433113098144531
24576.0,768.0,10401495189.137323,84834176.0,1.6800784128e+18,-4.389403343200684
24576.0,768.0,10979356032.978287,84834176.0,1.7734161024e+18,-4.403913497924805
24576.0,768.0,11557216876.819248,84834176.0,1.866753792e+18,-4.404545783996582
32768.0,768.0,595704157.6401641,84834176.0,9.9e+16,-2.0030624866485596
32768.0,768.0,1191408315.2803283,84834176.0,1.98e+17,-2.780212163925171
32768.0,768.0,1787112472.9204924,84834176.0,2.97e+17,-3.188284158706665
32768.0,768.0,2382816630.5606565,84834176.0,3.96e+17,-3.6355767250061035
32768.0,768.0,2978520788.2008204,84834176.0,4.95e+17,-3.867992877960205
32768.0,768.0,3574224945.840985,84834176.0,5.94e+17,-3.944847583770752
32768.0,768.0,4169929103.4811482,84834176.0,6.929999999999999e+17,-4.057261943817139
32768.0,768.0,4765633261.121313,84834176.0,7.92e+17,-4.069677352905273
32768.0,768.0,5361337418.761477,84834176.0,8.91e+17,-4.167623519897461
32768.0,768.0,5957041576.401641,84834176.0,9.9e+17,-4.201364994049072
32768.0,768.0,6552745734.041806,84834176.0,1.0890000000000001e+18,-4.244845390319824
32768.0,768.0,7148449891.68197,84834176.0,1.188e+18,-4.282962799072266
32768.0,768.0,7744154049.322133,84834176.0,1.287e+18,-4.312868118286132
32768.0,768.0,8339858206.9622965,84834176.0,1.3859999999999997e+18,-4.32372522354126
32768.0,768.0,8935562364.60246,84834176.0,1.485e+18,-4.348823547363281
32768.0,768.0,9531266522.242626,84834176.0,1.584e+18,-4.374750137329102
32768.0,768.0,10126970679.88279,84834176.0,1.683e+18,-4.387284755706787
32768.0,768.0,10722674837.522955,84834176.0,1.782e+18,-4.402318000793457
32768.0,768.0,11318378995.163118,84834176.0,1.881e+18,-4.420491695404053
32768.0,768.0,11914083152.803282,84834176.0,1.98e+18,-4.430053234100342
48128.0,768.0,617119405.0777435,84834176.0,1.09616832e+17,-1.9132488965988126
48128.0,768.0,1234238810.155487,84834176.0,2.19233664e+17,-2.754638195037842
48128.0,768.0,1851358215.2332306,84834176.0,3.28850496e+17,-3.1794228553771973
48128.0,768.0,2468477620.310974,84834176.0,4.38467328e+17,-3.5976572036743164
48128.0,768.0,3085597025.3887177,84834176.0,5.4808416e+17,-3.8062381744384766
48128.0,768.0,3702716430.466461,84834176.0,6.57700992e+17,-3.9664812088012695
48128.0,768.0,4319835835.544204,84834176.0,7.673178239999999e+17,-4.048764228820801
48128.0,768.0,4936955240.621948,84834176.0,8.76934656e+17,-4.122854232788086
48128.0,768.0,5554074645.699692,84834176.0,9.86551488e+17,-4.161341667175293
48128.0,768.0,6171194050.777435,84834176.0,1.09616832e+18,-4.225268840789795
48128.0,768.0,6788313455.85518,84834176.0,1.2057851520000003e+18,-4.245791435241699
48128.0,768.0,7405432860.932922,84834176.0,1.315401984e+18,-4.255500793457031
48128.0,768.0,8022552266.010666,84834176.0,1.425018816e+18,-4.307682514190674
48128.0,768.0,8639671671.088408,84834176.0,1.5346356479999997e+18,-4.312932014465332
48128.0,768.0,9256791076.166153,84834176.0,1.64425248e+18,-4.346529960632324
48128.0,768.0,9873910481.243896,84834176.0,1.753869312e+18,-4.351798057556152
48128.0,768.0,10491029886.32164,84834176.0,1.863486144e+18,-4.3247528076171875
48128.0,768.0,11108149291.399384,84834176.0,1.973102976e+18,-4.406290054321289
48128.0,768.0,11725268696.477127,84834176.0,2.082719808e+18,-4.421943664550781
48128.0,768.0,12342388101.55487,84834176.0,2.19233664e+18,-4.437502384185791
64512.0,768.0,631117713.905527,84834176.0,1.209414528e+17,-1.8792750835418701
64512.0,768.0,1262235427.811054,84834176.0,2.418829056e+17,-2.695814132690429
64512.0,768.0,1893353141.716581,84834176.0,3.628243584e+17,-3.1380293369293213
64512.0,768.0,2524470855.622108,84834176.0,4.837658112e+17,-3.4222288131713867
64512.0,768.0,3155588569.527635,84834176.0,6.04707264e+17,-3.7384181022644043
64512.0,768.0,3786706283.433162,84834176.0,7.256487168e+17,-3.893123149871826
64512.0,768.0,4417823997.338689,84834176.0,8.465901695999999e+17,-3.986438751220703
64512.0,768.0,5048941711.244216,84834176.0,9.675316224e+17,-4.069661617279053
64512.0,768.0,5680059425.149743,84834176.0,1.0884730752e+18,-4.10909366607666
64512.0,768.0,6311177139.05527,84834176.0,1.209414528e+18,-4.18283748626709
64512.0,768.0,6942294852.960798,84834176.0,1.3303559808000003e+18,-4.214846611022949
64512.0,768.0,7573412566.866324,84834176.0,1.4512974336e+18,-4.244523048400879
64512.0,768.0,8204530280.771852,84834176.0,1.5722388864e+18,-4.254657745361328
64512.0,768.0,8835647994.677378,84834176.0,1.6931803391999997e+18,-4.30940580368042
64512.0,768.0,9466765708.582905,84834176.0,1.814121792e+18,-4.307678699493408
64512.0,768.0,10097883422.488432,84834176.0,1.9350632448e+18,-4.312902450561523
64512.0,768.0,10729001136.393959,84834176.0,2.0560046976e+18,-4.394181251525877
64512.0,768.0,11360118850.299486,84834176.0,2.1769461504e+18,-4.400339126586914
64512.0,768.0,11991236564.205013,84834176.0,2.2978876032e+18,-4.403116703033447
64512.0,768.0,12622354278.11054,84834176.0,2.418829056e+18,-4.4193196296691895
96256.0,768.0,646319719.6206332,84834176.0,1.428829056e+17,-1.8737788200378416
96256.0,768.0,1292639439.2412665,84834176.0,2.857658112e+17,-2.6501615047454834
96256.0,768.0,1938959158.8618999,84834176.0,4.286487168e+17,-3.093398332595825
96256.0,768.0,2585278878.482533,84834176.0,5.715316224e+17,-3.4245059490203857
96256.0,768.0,3231598598.1031666,84834176.0,7.14414528e+17,-3.6828839778900146
96256.0,768.0,3877918317.7237997,84834176.0,8.572974336e+17,-3.8969750404357906
96256.0,768.0,4524238037.344433,84834176.0,1.0001803391999999e+18,-3.975367784500122
96256.0,768.0,5170557756.965066,84834176.0,1.1430632448e+18,-4.036465644836426
96256.0,768.0,5816877476.5857,84834176.0,1.2859461504e+18,-4.092506408691406
96256.0,768.0,6463197196.206333,84834176.0,1.428829056e+18,-4.158995151519775
96256.0,768.0,7109516915.826967,84834176.0,1.5717119616000003e+18,-4.238612174987793
96256.0,768.0,7755836635.447599,84834176.0,1.7145948672e+18,-4.2165069580078125
96256.0,768.0,8402156355.068233,84834176.0,1.8574777728e+18,-4.256300449371338
96256.0,768.0,9048476074.688866,84834176.0,2.0003606783999997e+18,-4.308321952819824
96256.0,768.0,9694795794.3095,84834176.0,2.143243584e+18,-4.294727325439453
96256.0,768.0,10341115513.930132,84834176.0,2.2861264896e+18,-4.317140579223633
96256.0,768.0,10987435233.550766,84834176.0,2.4290093952e+18,-4.392468452453613
96256.0,768.0,11633754953.1714,84834176.0,2.5718923008e+18,-4.4221296310424805
96256.0,768.0,12280074672.792032,84834176.0,2.7147752064e+18,-4.409334182739258
96256.0,768.0,12926394392.412666,84834176.0,2.857658112e+18,-4.380005836486816
4096.0,768.0,798624055.430003,150834176.0,2.4482804736e+17,-2.683673143386841
4096.0,768.0,1597248110.860006,150834176.0,4.8965609472e+17,-3.393513202667234
4096.0,768.0,2395872166.290009,150834176.0,7.3448414208e+17,-3.9252843856811523
4096.0,768.0,3194496221.720012,150834176.0,9.7931218944e+17,-4.064558029174805
4096.0,768.0,3993120277.1500154,150834176.0,1.2241402368e+18,-4.195614814758301
4096.0,768.0,4791744332.580018,150834176.0,1.46896828416e+18,-4.257723331451416
4096.0,768.0,5590368388.010021,150834176.0,1.71379633152e+18,-4.306415557861328
4096.0,768.0,6388992443.440024,150834176.0,1.95862437888e+18,-4.348409652709961
4096.0,768.0,7187616498.870028,150834176.0,2.20345242624e+18,-4.382479190826415
4096.0,768.0,7986240554.300031,150834176.0,2.4482804736e+18,-4.413207530975342
4096.0,768.0,8784864609.730034,150834176.0,2.69310852096e+18,-4.437469482421875
4096.0,768.0,9583488665.160036,150834176.0,2.93793656832e+18,-4.455022811889648
4096.0,768.0,10382112720.59004,150834176.0,3.18276461568e+18,-4.479994297027588
4096.0,768.0,11180736776.020042,150834176.0,3.42759266304e+18,-4.480907440185547
4096.0,768.0,11979360831.450047,150834176.0,3.6724207104e+18,-4.495323181152344
4096.0,768.0,12777984886.880049,150834176.0,3.91724875776e+18,-4.530072212219238
4096.0,768.0,13576608942.310053,150834176.0,4.16207680512e+18,-4.526190280914307
4096.0,768.0,14375232997.740055,150834176.0,4.40690485248e+18,-4.550060272216797
4096.0,768.0,15173857053.17006,150834176.0,4.65173289984e+18,-4.5431437492370605
4096.0,768.0,15972481108.600061,150834176.0,4.8965609472e+18,-4.563900947570801
6144.0,768.0,849686932.7114886,150834176.0,2.4732890112e+17,-2.6447994709014893
6144.0,768.0,1699373865.4229772,150834176.0,4.9465780224e+17,-3.4073376655578613
6144.0,768.0,2549060798.1344657,150834176.0,7.4198670336e+17,-3.9558112621307373
6144.0,768.0,3398747730.8459544,150834176.0,9.8931560448e+17,-4.142768383026123
6144.0,768.0,4248434663.5574427,150834176.0,1.2366445056e+18,-4.228133678436279
6144.0,768.0,5098121596.268931,150834176.0,1.48397340672e+18,-4.2841057777404785
6144.0,768.0,5947808528.98042,150834176.0,1.73130230784e+18,-4.3390421867370605
6144.0,768.0,6797495461.691909,150834176.0,1.97863120896e+18,-4.39650297164917
6144.0,768.0,7647182394.403398,150834176.0,2.22596011008e+18,-4.434611797332763
6144.0,768.0,8496869327.114885,150834176.0,2.4732890112e+18,-4.45317268371582
6144.0,768.0,9346556259.826374,150834176.0,2.72061791232e+18,-4.4702019691467285
6144.0,768.0,10196243192.537863,150834176.0,2.96794681344e+18,-4.4851298332214355
6144.0,768.0,11045930125.249352,150834176.0,3.21527571456e+18,-4.503663539886475
6144.0,768.0,11895617057.96084,150834176.0,3.46260461568e+18,-4.523778438568115
6144.0,768.0,12745303990.672329,150834176.0,3.7099335168e+18,-4.556153774261475
6144.0,768.0,13594990923.383818,150834176.0,3.95726241792e+18,-4.551411151885986
6144.0,768.0,14444677856.095306,150834176.0,4.20459131904e+18,-4.5656328201293945
6144.0,768.0,15294364788.806795,150834176.0,4.45192022016e+18,-4.589545726776123
6144.0,768.0,16144051721.518284,150834176.0,4.69924912128e+18,-4.589576244354248
6144.0,768.0,16993738654.22977,150834176.0,4.9465780224e+18,-4.61482572555542
8192.0,768.0,886270540.9864663,150834176.0,2.4982975488e+17,-2.616994619369507
8192.0,768.0,1772541081.9729326,150834176.0,4.9965950976e+17,-3.3395495414733887
8192.0,768.0,2658811622.959399,150834176.0,7.4948926464e+17,-3.916308164596557
8192.0,768.0,3545082163.945865,150834176.0,9.9931901952e+17,-4.109161376953125
8192.0,768.0,4431352704.932332,150834176.0,1.2491487744e+18,-4.233855247497559
8192.0,768.0,5317623245.918798,150834176.0,1.49897852928e+18,-4.303229331970215
8192.0,768.0,6203893786.905264,150834176.0,1.74880828416e+18,-4.342436790466309
8192.0,768.0,7090164327.89173,150834176.0,1.99863803904e+18,-4.3857979774475035
8192.0,768.0,7976434868.878197,150834176.0,2.24846779392e+18,-4.4405317306518555
8192.0,768.0,8862705409.864664,150834176.0,2.4982975488e+18,-4.464543342590332
8192.0,768.0,9748975950.85113,150834176.0,2.74812730368e+18,-4.493282794952393
8192.0,768.0,10635246491.837597,150834176.0,2.99795705856e+18,-4.488322734832764
8192.0,768.0,11521517032.824062,150834176.0,3.24778681344e+18,-4.519795894622803
8192.0,768.0,12407787573.810528,150834176.0,3.49761656832e+18,-4.547667503356934
8192.0,768.0,13294058114.796995,150834176.0,3.7474463232e+18,-4.558482646942139
8192.0,768.0,14180328655.78346,150834176.0,3.99727607808e+18,-4.558176040649414
8192.0,768.0,15066599196.769928,150834176.0,4.24710583296e+18,-4.565378665924072
8192.0,768.0,15952869737.756393,150834176.0,4.49693558784e+18,-4.5908284187316895
8192.0,768.0,16839140278.74286,150834176.0,4.74676534272e+18,-4.602966785430908
8192.0,768.0,17725410819.72933,150834176.0,4.9965950976e+18,-4.63660192489624
10240.0,768.0,914585663.5519121,150834176.0,2.5233060864e+17,-2.5672056674957275
10240.0,768.0,1829171327.1038241,150834176.0,5.0466121728e+17,-3.354408025741577
10240.0,768.0,2743756990.6557364,150834176.0,7.5699182592e+17,-3.9458627700805664
10240.0,768.0,3658342654.2076483,150834176.0,1.00932243456e+18,-4.123776435852051
10240.0,768.0,4572928317.759561,150834176.0,1.2616530432e+18,-4.224537372589111
10240.0,768.0,5487513981.311473,150834176.0,1.51398365184e+18,-4.312854290008545
10240.0,768.0,6402099644.863384,150834176.0,1.76631426048e+18,-4.3661088943481445
10240.0,768.0,7316685308.415297,150834176.0,2.01864486912e+18,-4.392776966094971
10240.0,768.0,8231270971.967209,150834176.0,2.27097547776e+18,-4.438765525817871
10240.0,768.0,9145856635.519121,150834176.0,2.5233060864e+18,-4.485507488250732
10240.0,768.0,10060442299.071033,150834176.0,2.77563669504e+18,-4.507753372192383
10240.0,768.0,10975027962.622946,150834176.0,3.02796730368e+18,-4.527963161468506
10240.0,768.0,11889613626.174858,150834176.0,3.28029791232e+18,-4.540088176727295
10240.0,768.0,12804199289.726768,150834176.0,3.53262852096e+18,-4.574886322021484
10240.0,768.0,13718784953.27868,150834176.0,3.7849591296e+18,-4.565402507781982
10240.0,768.0,14633370616.830593,150834176.0,4.03728973824e+18,-4.593221664428711
10240.0,768.0,15547956280.382505,150834176.0,4.28962034688e+18,-4.607707500457764
10240.0,768.0,16462541943.934418,150834176.0,4.54195095552e+18,-4.628269672393799
10240.0,768.0,17377127607.48633,150834176.0,4.79428156416e+18,-4.639314651489258
10240.0,768.0,18291713271.038242,150834176.0,5.0466121728e+18,-4.643866062164307
16384.0,768.0,973072900.4726156,150834176.0,2.5983316992e+17,-2.5482981204986572
16384.0,768.0,1946145800.9452312,150834176.0,5.1966633984e+17,-3.282118558883667
16384.0,768.0,2919218701.4178467,150834176.0,7.7949950976e+17,-3.9042656421661377
16384.0,768.0,3892291601.8904624,150834176.0,1.03933267968e+18,-4.108226299285889
16384.0,768.0,4865364502.363078,150834176.0,1.2991658496e+18,-4.20842981338501
16384.0,768.0,5838437402.835693,150834176.0,1.55899901952e+18,-4.291393756866455
16384.0,768.0,6811510303.30831,150834176.0,1.81883218944e+18,-4.329317569732666
16384.0,768.0,7784583203.780925,150834176.0,2.07866535936e+18,-4.389457702636719
16384.0,768.0,8757656104.25354,150834176.0,2.33849852928e+18,-4.4034953117370605
16384.0,768.0,9730729004.726156,150834176.0,2.5983316992e+18,-4.448331356048584
16384.0,768.0,10703801905.198772,150834176.0,2.85816486912e+18,-4.490715980529785
16384.0,768.0,11676874805.671387,150834176.0,3.11799803904e+18,-4.504774570465088
16384.0,768.0,12649947706.144003,150834176.0,3.37783120896e+18,-4.526453495025635
16384.0,768.0,13623020606.61662,150834176.0,3.63766437888e+18,-4.550426959991455
16384.0,768.0,14596093507.089233,150834176.0,3.8974975488e+18,-4.576788902282715
16384.0,768.0,15569166407.56185,150834176.0,4.15733071872e+18,-4.585618495941162
16384.0,768.0,16542239308.034466,150834176.0,4.41716388864e+18,-4.602564334869385
16384.0,768.0,17515312208.50708,150834176.0,4.67699705856e+18,-4.62261962890625
16384.0,768.0,18488385108.9797,150834176.0,4.93683022848e+18,-4.627384662628174
16384.0,768.0,19461458009.452312,150834176.0,5.1966633984e+18,-4.6362504959106445
24576.0,768.0,1020887490.7857003,150834176.0,2.6983658496e+17,-2.4830074310302734
24576.0,768.0,2041774981.5714006,150834176.0,5.3967316992e+17,-3.171501874923706
24576.0,768.0,3062662472.357101,150834176.0,8.0950975488e+17,-3.830660820007324
24576.0,768.0,4083549963.1428013,150834176.0,1.07934633984e+18,-4.076040267944336
24576.0,768.0,5104437453.928501,150834176.0,1.3491829248e+18,-4.180075168609619
24576.0,768.0,6125324944.714202,150834176.0,1.61901950976e+18,-4.333888530731201
24576.0,768.0,7146212435.499902,150834176.0,1.88885609472e+18,-4.351583480834961
24576.0,768.0,8167099926.285603,150834176.0,2.15869267968e+18,-4.365182876586913
24576.0,768.0,9187987417.071302,150834176.0,2.42852926464e+18,-4.4223785400390625
24576.0,768.0,10208874907.857002,150834176.0,2.6983658496e+18,-4.452685832977295
24576.0,768.0,11229762398.642702,150834176.0,2.96820243456e+18,-4.460753440856934
24576.0,768.0,12250649889.428404,150834176.0,3.23803901952e+18,-4.489135265350342
24576.0,768.0,13271537380.214104,150834176.0,3.50787560448e+18,-4.540986061096191
24576.0,768.0,14292424870.999804,150834176.0,3.77771218944e+18,-4.553274154663086
24576.0,768.0,15313312361.785503,150834176.0,4.0475487744e+18,-4.563625335693359
24576.0,768.0,16334199852.571205,150834176.0,4.31738535936e+18,-4.587069511413574
24576.0,768.0,17355087343.356903,150834176.0,4.58722194432e+18,-4.596494197845458
24576.0,768.0,18375974834.142605,150834176.0,4.85705852928e+18,-4.611087799072266
24576.0,768.0,19396862324.928307,150834176.0,5.12689511424e+18,-4.601116180419922
24576.0,768.0,20417749815.714005,150834176.0,5.3967316992e+18,-4.632843494415283
32768.0,768.0,1052410678.4976233,150834176.0,2.7984e+17,-2.4807348251342773
32768.0,768.0,2104821356.9952466,150834176.0,5.5968e+17,-3.2348198890686035
32768.0,768.0,3157232035.49287,150834176.0,8.3952e+17,-3.8678207397460938
32768.0,768.0,4209642713.9904933,150834176.0,1.11936e+18,-4.083683013916016
32768.0,768.0,5262053392.488116,150834176.0,1.3992e+18,-4.19740104675293
32768.0,768.0,6314464070.98574,150834176.0,1.67904e+18,-4.279372215270995
32768.0,768.0,7366874749.483363,150834176.0,1.95888e+18,-4.325298309326172
32768.0,768.0,8419285427.980987,150834176.0,2.23872e+18,-4.384395599365234
32768.0,768.0,9471696106.47861,150834176.0,2.51856e+18,-4.38820219039917
32768.0,768.0,10524106784.976233,150834176.0,2.7984e+18,-4.447143077850342
32768.0,768.0,11576517463.473856,150834176.0,3.07824e+18,-4.452305793762207
32768.0,768.0,12628928141.97148,150834176.0,3.35808e+18,-4.508012294769287
32768.0,768.0,13681338820.469103,150834176.0,3.63792e+18,-4.527099609375
32768.0,768.0,14733749498.966726,150834176.0,3.91776e+18,-4.534762859344482
32768.0,768.0,15786160177.46435,150834176.0,4.1976e+18,-4.5731611251831055
32768.0,768.0,16838570855.961973,150834176.0,4.47744e+18,-4.590582847595215
32768.0,768.0,17890981534.459595,150834176.0,4.75728e+18,-4.6034650802612305
32768.0,768.0,18943392212.95722,150834176.0,5.03712e+18,-4.628876209259033
32768.0,768.0,19995802891.45484,150834176.0,5.31696e+18,-4.632773399353027
32768.0,768.0,21048213569.952465,150834176.0,5.5968e+18,-4.636331081390381
48128.0,768.0,1090244282.3040135,150834176.0,2.985964032e+17,-2.4231948852539062
48128.0,768.0,2180488564.608027,150834176.0,5.971928064e+17,-3.1465258598327637
48128.0,768.0,3270732846.9120407,150834176.0,8.957892096e+17,-3.7748115062713623
48128.0,768.0,4360977129.216054,150834176.0,1.1943856128e+18,-4.062317371368408
48128.0,768.0,5451221411.520067,150834176.0,1.492982016e+18,-4.14866828918457
48128.0,768.0,6541465693.824081,150834176.0,1.7915784192e+18,-4.244912147521973
48128.0,768.0,7631709976.128095,150834176.0,2.0901748224e+18,-4.301794052124023
48128.0,768.0,8721954258.432108,150834176.0,2.3887712256e+18,-4.345842361450195
48128.0,768.0,9812198540.736122,150834176.0,2.6873676288e+18,-4.4111833572387695
48128.0,768.0,10902442823.040134,150834176.0,2.985964032e+18,-4.425031661987304
48128.0,768.0,11992687105.344149,150834176.0,3.2845604352e+18,-4.460838317871094
48128.0,768.0,13082931387.648163,150834176.0,3.5831568384e+18,-4.481711387634277
48128.0,768.0,14173175669.952175,150834176.0,3.8817532416e+18,-4.496517181396484
48128.0,768.0,15263419952.25619,150834176.0,4.1803496448e+18,-4.545958995819092
48128.0,768.0,16353664234.560204,150834176.0,4.478946048e+18,-4.575249671936035
48128.0,768.0,17443908516.864216,150834176.0,4.7775424512e+18,-4.521049499511719
48128.0,768.0,18534152799.16823,150834176.0,5.0761388544e+18,-4.58238410949707
48128.0,768.0,19624397081.472244,150834176.0,5.3747352576e+18,-4.6105451583862305
48128.0,768.0,20714641363.776257,150834176.0,5.6733316608e+18,-4.618995666503906
48128.0,768.0,21804885646.08027,150834176.0,5.971928064e+18,-4.629942893981934
64512.0,768.0,1114974627.8997645,150834176.0,3.1860323328e+17,-2.395045280456543
64512.0,768.0,2229949255.799529,150834176.0,6.3720646656e+17,-3.172039031982422
64512.0,768.0,3344923883.699293,150834176.0,9.5580969984e+17,-3.7608389854431152
64512.0,768.0,4459898511.599058,150834176.0,1.27441293312e+18,-4.022967338562012
64512.0,768.0,5574873139.498822,150834176.0,1.5930161664e+18,-4.192350387573242
64512.0,768.0,6689847767.398586,150834176.0,1.91161939968e+18,-4.2799882888793945
64512.0,768.0,7804822395.298351,150834176.0,2.23022263296e+18,-4.337481498718262
64512.0,768.0,8919797023.198116,150834176.0,2.54882586624e+18,-4.365728378295898
64512.0,768.0,10034771651.09788,150834176.0,2.86742909952e+18,-4.425250053405762
64512.0,768.0,11149746278.997644,150834176.0,3.1860323328e+18,-4.431212425231934
64512.0,768.0,12264720906.89741,150834176.0,3.50463556608e+18,-4.4676289558410645
64512.0,768.0,13379695534.797173,150834176.0,3.82323879936e+18,-4.499765396118164
64512.0,768.0,14494670162.696938,150834176.0,4.14184203264e+18,-4.493949890136719
64512.0,768.0,15609644790.596703,150834176.0,4.46044526592e+18,-4.540158271789551
64512.0,768.0,16724619418.496468,150834176.0,4.7790484992e+18,-4.549360275268555
64512.0,768.0,17839594046.396233,150834176.0,5.09765173248e+18,-4.588084697723389
64512.0,768.0,18954568674.295994,150834176.0,5.41625496576e+18,-4.596075534820557
64512.0,768.0,20069543302.19576,150834176.0,5.73485819904e+18,-4.612983703613281
64512.0,768.0,21184517930.095524,150834176.0,6.05346143232e+18,-4.618147373199462
64512.0,768.0,22299492557.99529,150834176.0,6.3720646656e+18,-4.620677947998047
96256.0,768.0,1141831504.6631188,150834176.0,3.5736646656e+17,-2.3604190349578857
96256.0,768.0,2283663009.3262377,150834176.0,7.1473293312e+17,-3.1019389629364014
96256.0,768.0,3425494513.9893565,150834176.0,1.07209939968e+18,-3.7503514289855957
96256.0,768.0,4567326018.652475,150834176.0,1.42946586624e+18,-4.036516189575195
96256.0,768.0,5709157523.315594,150834176.0,1.7868323328e+18,-4.13332462310791
96256.0,768.0,6850989027.978713,150834176.0,2.14419879936e+18,-4.221522331237793
96256.0,768.0,7992820532.641831,150834176.0,2.50156526592e+18,-4.332201957702637
96256.0,768.0,9134652037.30495,150834176.0,2.85893173248e+18,-4.347353458404541
96256.0,768.0,10276483541.96807,150834176.0,3.21629819904e+18,-4.375953674316406
96256.0,768.0,11418315046.631187,150834176.0,3.5736646656e+18,-4.420133113861084
96256.0,768.0,12560146551.294308,150834176.0,3.93103113216e+18,-4.4533281326293945
96256.0,768.0,13701978055.957426,150834176.0,4.28839759872e+18,-4.458510398864746
96256.0,768.0,14843809560.620544,150834176.0,4.64576406528e+18,-4.543478012084961
96256.0,768.0,15985641065.283663,150834176.0,5.00313053184e+18,-4.5357842445373535
96256.0,768.0,17127472569.946781,150834176.0,5.3604969984e+18,-4.5347442626953125
96256.0,768.0,18269304074.6099,150834176.0,5.71786346496e+18,-4.583126068115234
96256.0,768.0,19411135579.273018,150834176.0,6.07522993152e+18,-4.582008361816405
96256.0,768.0,20552967083.93614,150834176.0,6.43259639808e+18,-4.59873628616333
96256.0,768.0,21694798588.59926,150834176.0,6.78996286464e+18,-4.615000247955322
96256.0,768.0,22836630093.262375,150834176.0,7.1473293312e+18,-4.6068572998046875
4096.0,1024.0,1763000273.3077426,316445568.0,1.12544595072e+18,-3.6201560497283936
4096.0,1024.0,3526000546.615485,316445568.0,2.25089190144e+18,-4.171382904052734
4096.0,1024.0,5289000819.923228,316445568.0,3.37633785216e+18,-4.358922958374023
4096.0,1024.0,7052001093.23097,316445568.0,4.50178380288e+18,-4.443002223968506
4096.0,1024.0,8815001366.538713,316445568.0,5.6272297536e+18,-4.5103559494018555
4096.0,1024.0,10578001639.846457,316445568.0,6.75267570432e+18,-4.543210983276367
4096.0,1024.0,12341001913.154198,316445568.0,7.878121655039999e+18,-4.576603889465332
4096.0,1024.0,14104002186.46194,316445568.0,9.00356760576e+18,-4.612436294555664
4096.0,1024.0,15867002459.769684,316445568.0,1.012901355648e+19,-4.636800765991211
4096.0,1024.0,17630002733.077427,316445568.0,1.12544595072e+19,-4.6661553382873535
4096.0,1024.0,19393003006.38517,316445568.0,1.2379905457920002e+19,-4.677091598510742
4096.0,1024.0,21156003279.692913,316445568.0,1.350535140864e+19,-4.702012538909912
4096.0,1024.0,22919003553.000656,316445568.0,1.463079735936e+19,-4.702280044555661
4096.0,1024.0,24682003826.308395,316445568.0,1.5756243310079998e+19,-4.710047245025635
4096.0,1024.0,26445004099.61614,316445568.0,1.68816892608e+19,-4.729263782501221
4096.0,1024.0,28208004372.92388,316445568.0,1.800713521152e+19,-4.735193729400635
4096.0,1024.0,29971004646.231625,316445568.0,1.913258116224e+19,-4.747361183166504
4096.0,1024.0,31734004919.539368,316445568.0,2.025802711296e+19,-4.760625839233398
4096.0,1024.0,33497005192.84711,316445568.0,2.138347306368e+19,-4.76647424697876
4096.0,1024.0,35260005466.154854,316445568.0,2.25089190144e+19,-4.763412952423096
6144.0,1024.0,1875723983.5329087,316445568.0,1.13280695424e+18,-3.5166358947753906
6144.0,1024.0,3751447967.0658174,316445568.0,2.26561390848e+18,-4.181305885314941
6144.0,1024.0,5627171950.598726,316445568.0,3.39842086272e+18,-4.3799357414245605
6144.0,1024.0,7502895934.131635,316445568.0,4.53122781696e+18,-4.474080562591553
6144.0,1024.0,9378619917.664543,316445568.0,5.6640347712e+18,-4.551114559173584
6144.0,1024.0,11254343901.197453,316445568.0,6.79684172544e+18,-4.614150047302246
6144.0,1024.0,13130067884.73036,316445568.0,7.929648679679999e+18,-4.639645576477051
6144.0,1024.0,15005791868.26327,316445568.0,9.06245563392e+18,-4.672072887420654
6144.0,1024.0,16881515851.796179,316445568.0,1.019526258816e+19,-4.6890997886657715
6144.0,1024.0,18757239835.329086,316445568.0,1.13280695424e+19,-4.710514068603516
6144.0,1024.0,20632963818.862,316445568.0,1.2460876496640002e+19,-4.738100051879883
6144.0,1024.0,22508687802.394905,316445568.0,1.359368345088e+19,-4.747727394104004
6144.0,1024.0,24384411785.927814,316445568.0,1.472649040512e+19,-4.7583699226379395
6144.0,1024.0,26260135769.46072,316445568.0,1.5859297359359998e+19,-4.772122859954834
6144.0,1024.0,28135859752.99363,316445568.0,1.69921043136e+19,-4.7835679054260245
6144.0,1024.0,30011583736.52654,316445568.0,1.812491126784e+19,-4.795558929443359
6144.0,1024.0,31887307720.05945,316445568.0,1.925771822208e+19,-4.802734375
6144.0,1024.0,33763031703.592358,316445568.0,2.039052517632e+19,-4.820065975189209
6144.0,1024.0,35638755687.12527,316445568.0,2.152333213056e+19,-4.820252895355225
6144.0,1024.0,37514479670.65817,316445568.0,2.26561390848e+19,-4.826665878295898
8192.0,1024.0,1956484024.4418218,316445568.0,1.14016795776e+18,-3.400615930557251
8192.0,1024.0,3912968048.8836436,316445568.0,2.28033591552e+18,-4.162062168121338
8192.0,1024.0,5869452073.325466,316445568.0,3.42050387328e+18,-4.386826515197754
8192.0,1024.0,7825936097.767287,316445568.0,4.56067183104e+18,-4.5113444328308105
8192.0,1024.0,9782420122.20911,316445568.0,5.7008397888e+18,-4.579824924468994
8192.0,1024.0,11738904146.650932,316445568.0,6.84100774656e+18,-4.615305423736572
8192.0,1024.0,13695388171.092752,316445568.0,7.981175704319999e+18,-4.656073093414307
8192.0,1024.0,15651872195.534575,316445568.0,9.12134366208e+18,-4.70231294631958
8192.0,1024.0,17608356219.9764,316445568.0,1.026151161984e+19,-4.73216438293457
8192.0,1024.0,19564840244.41822,316445568.0,1.14016795776e+19,-4.7507004737854
8192.0,1024.0,21521324268.860043,316445568.0,1.2541847535360002e+19,-4.767937183380117
8192.0,1024.0,23477808293.301865,316445568.0,1.368201549312e+19,-4.784095764160156
8192.0,1024.0,25434292317.743683,316445568.0,1.482218345088e+19,-4.786316871643066
8192.0,1024.0,27390776342.185505,316445568.0,1.5962351408639998e+19,-4.7928476333618155
8192.0,1024.0,29347260366.627327,316445568.0,1.71025193664e+19,-4.799458026885986
8192.0,1024.0,31303744391.06915,316445568.0,1.824268732416e+19,-4.806028842926025
8192.0,1024.0,33260228415.51097,316445568.0,1.938285528192e+19,-4.842247009277344
8192.0,1024.0,35216712439.9528,316445568.0,2.052302323968e+19,-4.85366153717041
8192.0,1024.0,37173196464.394615,316445568.0,2.166319119744e+19,-4.852412700653076
8192.0,1024.0,39129680488.83644,316445568.0,2.28033591552e+19,-4.851131916046143
10240.0,1024.0,2018990993.1240323,316445568.0,1.14752896128e+18,-3.425993204116821
10240.0,1024.0,4037981986.2480645,316445568.0,2.29505792256e+18,-4.128619670867918
10240.0,1024.0,6056972979.372097,316445568.0,3.44258688384e+18,-4.3636484146118155
10240.0,1024.0,8075963972.496129,316445568.0,4.59011584512e+18,-4.485142707824707
10240.0,1024.0,10094954965.620161,316445568.0,5.7376448064e+18,-4.56695032119751
10240.0,1024.0,12113945958.744194,316445568.0,6.88517376768e+18,-4.619061470031737
10240.0,1024.0,14132936951.868225,316445568.0,8.032702728959999e+18,-4.6422600746154785
10240.0,1024.0,16151927944.992258,316445568.0,9.18023169024e+18,-4.67341947555542
10240.0,1024.0,18170918938.11629,316445568.0,1.032776065152e+19,-4.720172882080078
10240.0,1024.0,20189909931.240322,316445568.0,1.14752896128e+19,-4.740522861480713
10240.0,1024.0,22208900924.36436,316445568.0,1.2622818574080002e+19,-4.7481360435485795
10240.0,1024.0,24227891917.488388,316445568.0,1.377034753536e+19,-4.772067070007323
10240.0,1024.0,26246882910.61242,316445568.0,1.491787649664e+19,-4.795874118804932
10240.0,1024.0,28265873903.73645,316445568.0,1.6065405457919998e+19,-4.816715717315674
10240.0,1024.0,30284864896.860485,316445568.0,1.72129344192e+19,-4.817344665527344
10240.0,1024.0,32303855889.984516,316445568.0,1.836046338048e+19,-4.828086853027344
10240.0,1024.0,34322846883.10855,316445568.0,1.950799234176e+19,-4.844098091125488
10240.0,1024.0,36341837876.23258,316445568.0,2.065552130304e+19,-4.832536697387695
10240.0,1024.0,38360828869.35661,316445568.0,2.180305026432e+19,-4.853913307189941
10240.0,1024.0,40379819862.480644,316445568.0,2.29505792256e+19,-4.857596397399902
16384.0,1024.0,2148104327.4584155,316445568.0,1.16961197184e+18,-3.3336710929870605
16384.0,1024.0,4296208654.916831,316445568.0,2.33922394368e+18,-4.105778217315674
16384.0,1024.0,6444312982.375247,316445568.0,3.50883591552e+18,-4.374910831451416
16384.0,1024.0,8592417309.833662,316445568.0,4.67844788736e+18,-4.512818813323975
16384.0,1024.0,10740521637.292078,316445568.0,5.8480598592e+18,-4.590064525604248
16384.0,1024.0,12888625964.750494,316445568.0,7.01767183104e+18,-4.646872043609619
16384.0,1024.0,15036730292.208908,316445568.0,8.187283802879999e+18,-4.671328067779541
16384.0,1024.0,17184834619.667324,316445568.0,9.35689577472e+18,-4.717787742614746
16384.0,1024.0,19332938947.12574,316445568.0,1.052650774656e+19,-4.750401973724365
16384.0,1024.0,21481043274.584156,316445568.0,1.16961197184e+19,-4.778758525848389
16384.0,1024.0,23629147602.042576,316445568.0,1.2865731690240002e+19,-4.801941871643066
16384.0,1024.0,25777251929.500988,316445568.0,1.403534366208e+19,-4.821524143218994
16384.0,1024.0,27925356256.959404,316445568.0,1.520495563392e+19,-4.833694458007812
16384.0,1024.0,30073460584.417816,316445568.0,1.6374567605759998e+19,-4.846492290496826
16384.0,1024.0,32221564911.876232,316445568.0,1.75441795776e+19,-4.8600287437438965
16384.0,1024.0,34369669239.33465,316445568.0,1.871379154944e+19,-4.865680694580078
16384.0,1024.0,36517773566.79307,316445568.0,1.988340352128e+19,-4.882638931274414
16384.0,1024.0,38665877894.25148,316445568.0,2.105301549312e+19,-4.873541831970215
16384.0,1024.0,40813982221.70989,316445568.0,2.222262746496e+19,-4.90330171585083
16384.0,1024.0,42962086549.16831,316445568.0,2.33922394368e+19,-4.902259826660156
24576.0,1024.0,2253657290.9797535,316445568.0,1.19905598592e+18,-3.3119253589478745
24576.0,1024.0,4507314581.959507,316445568.0,2.39811197184e+18,-4.222118563827635
24576.0,1024.0,6760971872.9392605,316445568.0,3.59716795776e+18,-4.441248126205565
24576.0,1024.0,9014629163.919014,316445568.0,4.79622394368e+18,-4.527493663009764
24576.0,1024.0,11268286454.898767,316445568.0,5.9952799296e+18,-4.606079287704588
24576.0,1024.0,13521943745.878521,316445568.0,7.19433591552e+18,-4.676540560897947
24576.0,1024.0,15775601036.858273,316445568.0,8.393391901439999e+18,-4.710205264267088
24576.0,1024.0,18029258327.838028,316445568.0,9.59244788736e+18,-4.738787360366942
24576.0,1024.0,20282915618.81778,316445568.0,1.079150387328e+19,-4.78711719053662
24576.0,1024.0,22536572909.797535,316445568.0,1.19905598592e+19,-4.809467978653075
24576.0,1024.0,24790230200.77729,316445568.0,1.3189615845120002e+19,-4.828060336288573
24576.0,1024.0,27043887491.757042,316445568.0,1.438867183104e+19,-4.901341147598387
24576.0,1024.0,29297544782.736794,316445568.0,1.558772781696e+19,-4.852134890731932
24576.0,1024.0,31551202073.716545,316445568.0,1.6786783802879998e+19,-4.864922232803465
24576.0,1024.0,33804859364.6963,316445568.0,1.79858397888e+19,-4.874407000717284
24576.0,1024.0,36058516655.676056,316445568.0,1.918489577472e+19,-4.885847277816893
24576.0,1024.0,38312173946.65581,316445568.0,2.038395176064e+19,-4.899255938705565
24576.0,1024.0,40565831237.63556,316445568.0,2.158300774656e+19,-4.908757872757079
24576.0,1024.0,42819488528.61532,316445568.0,2.278206373248e+19,-4.986221022781493
24576.0,1024.0,45073145819.59507,316445568.0,2.39811197184e+19,-4.923059649643065
32768.0,1024.0,2323246214.79664,316445568.0,1.2285e+18,-3.196392059326172
32768.0,1024.0,4646492429.59328,316445568.0,2.457e+18,-4.12298583984375
32768.0,1024.0,6969738644.38992,316445568.0,3.6855e+18,-4.388237953186035
32768.0,1024.0,9292984859.18656,316445568.0,4.914e+18,-4.4677734375
32768.0,1024.0,11616231073.9832,316445568.0,6.1425e+18,-4.541119575500488
32768.0,1024.0,13939477288.77984,316445568.0,7.371e+18,-4.638789176940918
32768.0,1024.0,16262723503.576479,316445568.0,8.599499999999999e+18,-4.671841621398925
32768.0,1024.0,18585969718.37312,316445568.0,9.828e+18,-4.714162826538086
32768.0,1024.0,20909215933.16976,316445568.0,1.10565e+19,-4.741727828979492
32768.0,1024.0,23232462147.9664,316445568.0,1.2285e+19,-4.774150848388672
32768.0,1024.0,25555708362.763042,316445568.0,1.3513500000000002e+19,-4.795964241027831
32768.0,1024.0,27878954577.55968,316445568.0,1.4742e+19,-4.818166732788086
32768.0,1024.0,30202200792.35632,316445568.0,1.59705e+19,-4.813772201538086
32768.0,1024.0,32525447007.152958,316445568.0,1.7198999999999998e+19,-4.842883110046387
32768.0,1024.0,34848693221.9496,316445568.0,1.84275e+19,-4.844028472900391
32768.0,1024.0,37171939436.74624,316445568.0,1.9656e+19,-4.8419108390808105
32768.0,1024.0,39495185651.54288,316445568.0,2.08845e+19,-4.874664306640625
32768.0,1024.0,41818431866.33952,316445568.0,2.2113e+19,-4.875977516174316
32768.0,1024.0,44141678081.13616,316445568.0,2.33415e+19,-4.899317741394043
32768.0,1024.0,46464924295.9328,316445568.0,2.457e+19,-4.905762195587158
48128.0,1024.0,2406765679.8032,316445568.0,1.2837075264e+18,-3.1564460748489096
48128.0,1024.0,4813531359.6064,316445568.0,2.5674150528e+18,-4.068948602085848
48128.0,1024.0,7220297039.409599,316445568.0,3.8511225792e+18,-4.327971314793368
48128.0,1024.0,9627062719.2128,316445568.0,5.1348301056e+18,-4.467155789738436
48128.0,1024.0,12033828399.015999,316445568.0,6.418537632e+18,-4.560006474858065
48128.0,1024.0,14440594078.819199,316445568.0,7.7022451584e+18,-4.614509438877841
48128.0,1024.0,16847359758.622396,316445568.0,8.985952684799999e+18,-4.6608909124191
48128.0,1024.0,19254125438.4256,316445568.0,1.02696602112e+19,-4.697373723393221
48128.0,1024.0,21660891118.228798,316445568.0,1.15533677376e+19,-4.72231612146451
48128.0,1024.0,24067656798.031998,316445568.0,1.2837075264e+19,-4.692784642582675
48128.0,1024.0,26474422477.8352,316445568.0,1.4120782790400002e+19,-4.764475201969881
48128.0,1024.0,28881188157.638397,316445568.0,1.54044903168e+19,-4.770527219181796
48128.0,1024.0,31287953837.441597,316445568.0,1.66881978432e+19,-4.786362981205722
48128.0,1024.0,33694719517.244793,316445568.0,1.7971905369599998e+19,-4.7977059835250575
48128.0,1024.0,36101485197.048,316445568.0,1.9255612896e+19,-4.830974435215731
48128.0,1024.0,38508250876.8512,316445568.0,2.05393204224e+19,-4.841144894963045
48128.0,1024.0,40915016556.654396,316445568.0,2.18230279488e+19,-4.86570105493619
48128.0,1024.0,43321782236.457596,316445568.0,2.31067354752e+19,-4.845757817631502
48128.0,1024.0,45728547916.260796,316445568.0,2.43904430016e+19,-4.853165482884188
48128.0,1024.0,48135313596.063995,316445568.0,2.5674150528e+19,-4.85993704736783
64512.0,1024.0,2461359084.2315555,316445568.0,1.34259555456e+18,-3.1510685437972743
64512.0,1024.0,4922718168.463111,316445568.0,2.68519110912e+18,-4.0428560727889735
64512.0,1024.0,7384077252.694667,316445568.0,4.02778666368e+18,-4.313561772709628
64512.0,1024.0,9845436336.926222,316445568.0,5.37038221824e+18,-4.433171128636141
64512.0,1024.0,12306795421.157778,316445568.0,6.7129777728e+18,-4.527596806889315
64512.0,1024.0,14768154505.389334,316445568.0,8.05557332736e+18,-4.596950864201327
64512.0,1024.0,17229513589.620888,316445568.0,9.398168881919998e+18,-4.646924828892489
64512.0,1024.0,19690872673.852444,316445568.0,1.074076443648e+19,-4.679476117497225
64512.0,1024.0,22152231758.084,316445568.0,1.208335999104e+19,-4.688816403752108
64512.0,1024.0,24613590842.315556,316445568.0,1.34259555456e+19,-4.72755465448453
64512.0,1024.0,27074949926.547115,316445568.0,1.4768551100160002e+19,-4.725527619725009
64512.0,1024.0,29536309010.778667,316445568.0,1.611114665472e+19,-4.751730298405429
64512.0,1024.0,31997668095.01022,316445568.0,1.745374220928e+19,-4.789772843724031
64512.0,1024.0,34459027179.241776,316445568.0,1.8796337763839996e+19,-4.825451707249423
64512.0,1024.0,36920386263.473335,316445568.0,2.01389333184e+19,-4.816745137577791
64512.0,1024.0,39381745347.70489,316445568.0,2.148152887296e+19,-4.819325780277987
64512.0,1024.0,41843104431.93644,316445568.0,2.282412442752e+19,-4.808446263676424
64512.0,1024.0,44304463516.168,316445568.0,2.416671998208e+19,-4.8427117818649
64512.0,1024.0,46765822600.39955,316445568.0,2.550931553664e+19,-4.861443852787752
64512.0,1024.0,49227181684.63111,316445568.0,2.68519110912e+19,-4.855090474491854
96256.0,1024.0,2520646906.5204697,316445568.0,1.45669110912e+18,-3.0751311290374193
96256.0,1024.0,5041293813.040939,316445568.0,2.91338221824e+18,-3.9874369609465985
96256.0,1024.0,7561940719.561409,316445568.0,4.37007332736e+18,-4.265084933053532
96256.0,1024.0,10082587626.081879,316445568.0,5.82676443648e+18,-4.410444449197331
96256.0,1024.0,12603234532.602348,316445568.0,7.2834555456e+18,-4.4954373347869305
96256.0,1024.0,15123881439.122818,316445568.0,8.74014665472e+18,-4.524458597909489
96256.0,1024.0,17644528345.643288,316445568.0,1.0196837763839998e+19,-4.608948897134343
96256.0,1024.0,20165175252.163757,316445568.0,1.165352887296e+19,-4.631979655038395
96256.0,1024.0,22685822158.684227,316445568.0,1.311021998208e+19,-4.649534891854802
96256.0,1024.0,25206469065.204697,316445568.0,1.45669110912e+19,-4.722470949899235
96256.0,1024.0,27727115971.725174,316445568.0,1.6023602200320002e+19,-4.682820986520329
96256.0,1024.0,30247762878.245636,316445568.0,1.748029330944e+19,-4.7350236880889325
96256.0,1024.0,32768409784.76611,316445568.0,1.893698441856e+19,-4.775938700448552
96256.0,1024.0,35289056691.286575,316445568.0,2.0393675527679996e+19,-4.789084147225895
96256.0,1024.0,37809703597.807045,316445568.0,2.18503666368e+19,-4.774954985391179
96256.0,1024.0,40330350504.327515,316445568.0,2.330705774592e+19,-4.775625418435612
96256.0,1024.0,42850997410.847984,316445568.0,2.476374885504e+19,-4.7902981746306805
96256.0,1024.0,45371644317.368454,316445568.0,2.622043996416e+19,-4.798409174691717
96256.0,1024.0,47892291223.88892,316445568.0,2.767713107328e+19,-4.787959765206852
96256.0,1024.0,50412938130.40939,316445568.0,2.91338221824e+19,-4.8158585536589955
4096.0,1536.0,4173940818.0020914,631668352.0,5.30144600448e+18,-4.28383731842041
4096.0,1536.0,8347881636.004183,631668352.0,1.060289200896e+19,-4.517834663391113
4096.0,1536.0,12521822454.006275,631668352.0,1.590433801344e+19,-4.645040512084961
4096.0,1536.0,16695763272.008366,631668352.0,2.120578401792e+19,-4.7245097160339355
4096.0,1536.0,20869704090.010456,631668352.0,2.65072300224e+19,-4.768162727355957
4096.0,1536.0,25043644908.01255,631668352.0,3.180867602688e+19,-4.788823127746581
4096.0,1536.0,29217585726.01464,631668352.0,3.711012203136e+19,-4.822130680084228
4096.0,1536.0,33391526544.01673,631668352.0,4.241156803584e+19,-4.848816871643066
4096.0,1536.0,37565467362.01882,631668352.0,4.771301404032e+19,-4.856540679931641
4096.0,1536.0,41739408180.02091,631668352.0,5.30144600448e+19,-4.863247871398926
4096.0,1536.0,45913348998.02301,631668352.0,5.831590604928001e+19,-4.87795877456665
4096.0,1536.0,50087289816.0251,631668352.0,6.361735205376e+19,-4.893383979797363
4096.0,1536.0,54261230634.02719,631668352.0,6.891879805824e+19,-4.907206535339355
4096.0,1536.0,58435171452.02928,631668352.0,7.422024406272e+19,-4.903085708618164
4096.0,1536.0,62609112270.03137,631668352.0,7.95216900672e+19,-4.913013935089111
4096.0,1536.0,66783053088.03346,631668352.0,8.482313607168e+19,-4.926584720611572
4096.0,1536.0,70956993906.03555,631668352.0,9.012458207616e+19,-4.934703826904297
4096.0,1536.0,75130934724.03764,631668352.0,9.542602808064e+19,-4.928616523742676
4096.0,1536.0,79304875542.03973,631668352.0,1.0072747408512e+20,-4.950930118560791
4096.0,1536.0,83478816360.04182,631668352.0,1.060289200896e+20,-4.941969394683838
6144.0,1536.0,4440816610.586459,631668352.0,5.32758700416e+18,-4.288581848144531
6144.0,1536.0,8881633221.172918,631668352.0,1.065517400832e+19,-4.570467472076416
6144.0,1536.0,13322449831.759377,631668352.0,1.598276101248e+19,-4.704822063446045
6144.0,1536.0,17763266442.345837,631668352.0,2.131034801664e+19,-4.777564525604248
6144.0,1536.0,22204083052.932297,631668352.0,2.66379350208e+19,-4.833049774169922
6144.0,1536.0,26644899663.518753,631668352.0,3.196552202496e+19,-4.857242107391357
6144.0,1536.0,31085716274.105213,631668352.0,3.729310902912e+19,-4.885064125061035
6144.0,1536.0,35526532884.69167,631668352.0,4.262069603328e+19,-4.9058837890625
6144.0,1536.0,39967349495.27813,631668352.0,4.794828303744e+19,-4.93616247177124
6144.0,1536.0,44408166105.86459,631668352.0,5.32758700416e+19,-4.9381632804870605
6144.0,1536.0,48848982716.45106,631668352.0,5.860345704576001e+19,-4.945994853973389
6144.0,1536.0,53289799327.037506,631668352.0,6.393104404992e+19,-4.959041595458984
6144.0,1536.0,57730615937.62397,631668352.0,6.925863105408e+19,-4.962174892425537
6144.0,1536.0,62171432548.21043,631668352.0,7.458621805824e+19,-4.995980262756348
6144.0,1536.0,66612249158.79689,631668352.0,7.99138050624e+19,-4.995397090911865
6144.0,1536.0,71053065769.38335,631668352.0,8.524139206656e+19,-5.0020318031311035
6144.0,1536.0,75493882379.9698,631668352.0,9.056897907072e+19,-4.991559982299805
6144.0,1536.0,79934698990.55626,631668352.0,9.589656607488e+19,-5.005764007568359
6144.0,1536.0,84375515601.14273,631668352.0,1.0122415307904e+20,-5.006205081939697
6144.0,1536.0,88816332211.72919,631668352.0,1.065517400832e+20,-5.012393474578857
8192.0,1536.0,4632017733.080211,631668352.0,5.35372800384e+18,-4.30597448348999
8192.0,1536.0,9264035466.160421,631668352.0,1.070745600768e+19,-4.549489498138427
8192.0,1536.0,13896053199.240633,631668352.0,1.606118401152e+19,-4.721970558166504
8192.0,1536.0,18528070932.320843,631668352.0,2.141491201536e+19,-4.812043190002441
8192.0,1536.0,23160088665.401054,631668352.0,2.67686400192e+19,-4.853175163269043
8192.0,1536.0,27792106398.481266,631668352.0,3.212236802304e+19,-4.889050006866455
8192.0,1536.0,32424124131.561478,631668352.0,3.747609602688e+19,-4.8970441818237305
8192.0,1536.0,37056141864.641685,631668352.0,4.282982403072e+19,-4.938557147979736
8192.0,1536.0,41688159597.7219,631668352.0,4.818355203456e+19,-4.939793109893799
8192.0,1536.0,46320177330.80211,631668352.0,5.35372800384e+19,-4.967075347900391
8192.0,1536.0,50952195063.882324,631668352.0,5.889100804224001e+19,-4.978372573852539
8192.0,1536.0,55584212796.96253,631668352.0,6.424473604608e+19,-4.990081787109375
8192.0,1536.0,60216230530.04274,631668352.0,6.959846404992e+19,-5.008969783782959
8192.0,1536.0,64848248263.122955,631668352.0,7.495219205376e+19,-5.003387451171875
8192.0,1536.0,69480265996.20316,631668352.0,8.03059200576e+19,-5.025015354156494
8192.0,1536.0,74112283729.28337,631668352.0,8.565964806144e+19,-5.0327534675598145
8192.0,1536.0,78744301462.36359,631668352.0,9.101337606528e+19,-5.034023284912109
8192.0,1536.0,83376319195.4438,631668352.0,9.636710406912e+19,-5.037473201751708
8192.0,1536.0,88008336928.524,631668352.0,1.0172083207296e+20,-5.0327959060668945
8192.0,1536.0,92640354661.60422,631668352.0,1.070745600768e+20,-5.042637348175049
10240.0,1536.0,4780004317.054333,631668352.0,5.37986900352e+18,-4.268792962437411
10240.0,1536.0,9560008634.108665,631668352.0,1.075973800704e+19,-4.567527627354403
10240.0,1536.0,14340012951.162998,631668352.0,1.613960701056e+19,-4.6783445829208095
10240.0,1536.0,19120017268.21733,631668352.0,2.151947601408e+19,-4.814432954197665
10240.0,1536.0,23900021585.271664,631668352.0,2.68993450176e+19,-4.857761716252107
10240.0,1536.0,28680025902.325996,631668352.0,3.227921402112e+19,-4.898708199864168
10240.0,1536.0,33460030219.38033,631668352.0,3.765908302464e+19,-4.891167497044345
10240.0,1536.0,38240034536.43466,631668352.0,4.303895202816e+19,-4.917318677311679
10240.0,1536.0,43020038853.489,631668352.0,4.841882103168e+19,-4.944615697270175
10240.0,1536.0,47800043170.54333,631668352.0,5.37986900352e+19,-4.9461477750594804
10240.0,1536.0,52580047487.59767,631668352.0,5.917855903872001e+19,-4.959938382511874
10240.0,1536.0,57360051804.65199,631668352.0,6.455842804224e+19,-5.007486676579256
10240.0,1536.0,62140056121.70633,631668352.0,6.993829704576e+19,-4.982421254521151
10240.0,1536.0,66920060438.76066,631668352.0,7.531816604928e+19,-5.023045873051425
10240.0,1536.0,71700064755.815,631668352.0,8.06980350528e+19,-5.00643238962247
10240.0,1536.0,76480069072.86932,631668352.0,8.607790405632e+19,-5.036725377445955
10240.0,1536.0,81260073389.92366,631668352.0,9.145777305984e+19,-5.04989991128995
10240.0,1536.0,86040077706.978,631668352.0,9.683764206336e+19,-5.048389291172763
10240.0,1536.0,90820082024.03233,631668352.0,1.0221751106688e+20,-5.055904244786044
10240.0,1536.0,95600086341.08665,631668352.0,1.075973800704e+20,-5.025619363194245
16384.0,1536.0,5085682894.922915,631668352.0,5.45829200256e+18,-4.2976579666137695
16384.0,1536.0,10171365789.84583,631668352.0,1.091658400512e+19,-4.580824375152588
16384.0,1536.0,15257048684.768747,631668352.0,1.637487600768e+19,-4.7558441162109375
16384.0,1536.0,20342731579.69166,631668352.0,2.183316801024e+19,-4.84596300125122
16384.0,1536.0,25428414474.61458,631668352.0,2.72914600128e+19,-4.888105869293213
16384.0,1536.0,30514097369.537495,631668352.0,3.274975201536e+19,-4.939444541931152
16384.0,1536.0,35599780264.46041,631668352.0,3.820804401792e+19,-4.965636730194092
16384.0,1536.0,40685463159.38332,631668352.0,4.366633602048e+19,-4.990659236907959
16384.0,1536.0,45771146054.30624,631668352.0,4.912462802304e+19,-5.006910800933838
16384.0,1536.0,50856828949.22916,631668352.0,5.45829200256e+19,-5.026498317718506
16384.0,1536.0,55942511844.15208,631668352.0,6.004121202816001e+19,-5.040792942047119
16384.0,1536.0,61028194739.07499,631668352.0,6.549950403072e+19,-5.049388408660889
16384.0,1536.0,66113877633.9979,631668352.0,7.095779603328e+19,-5.061726093292236
16384.0,1536.0,71199560528.92082,631668352.0,7.641608803584e+19,-5.075507164001465
16384.0,1536.0,76285243423.84373,631668352.0,8.18743800384e+19,-5.0798139572143555
16384.0,1536.0,81370926318.76665,631668352.0,8.733267204096e+19,-5.092093467712402
16384.0,1536.0,86456609213.68956,631668352.0,9.279096404352e+19,-5.092778205871582
16384.0,1536.0,91542292108.61247,631668352.0,9.824925604608e+19,-5.098309516906738
16384.0,1536.0,96627975003.5354,631668352.0,1.0370754804864e+20,-5.105764389038086
16384.0,1536.0,101713657898.45831,631668352.0,1.091658400512e+20,-5.1109795570373535
24576.0,1536.0,5335581791.464887,631668352.0,5.56285600128e+18,-4.30144538751074
24576.0,1536.0,10671163582.929773,631668352.0,1.112571200256e+19,-4.599154852537596
24576.0,1536.0,16006745374.394659,631668352.0,1.668856800384e+19,-4.756811045317137
24576.0,1536.0,21342327165.859547,631668352.0,2.225142400512e+19,-4.871884249357664
24576.0,1536.0,26677908957.324432,631668352.0,2.78142800064e+19,-4.937685393003904
24576.0,1536.0,32013490748.789318,631668352.0,3.337713600768e+19,-4.9872068392319315
24576.0,1536.0,37349072540.2542,631668352.0,3.893999200896e+19,-4.987827681211912
24576.0,1536.0,42684654331.71909,631668352.0,4.450284801024e+19,-5.0788816439194315
24576.0,1536.0,48020236123.183975,631668352.0,5.006570401152e+19,-5.042250059751951
24576.0,1536.0,53355817914.648865,631668352.0,5.56285600128e+19,-5.074500464109861
24576.0,1536.0,58691399706.113754,631668352.0,6.119141601408001e+19,-5.058685206083738
24576.0,1536.0,64026981497.578636,631668352.0,6.675427201536e+19,-5.072028063444578
24576.0,1536.0,69362563289.04352,631668352.0,7.231712801664e+19,-5.079116247801268
24576.0,1536.0,74698145080.5084,631668352.0,7.787998401792e+19,-5.10639037957617
24576.0,1536.0,80033726871.9733,631668352.0,8.34428400192e+19,-5.1328858362717265
24576.0,1536.0,85369308663.43819,631668352.0,8.900569602048e+19,-5.119774244932615
24576.0,1536.0,90704890454.90306,631668352.0,9.456855202176e+19,-5.122126959471189
24576.0,1536.0,96040472246.36795,631668352.0,1.0013140802304e+20,-5.141375921873533
24576.0,1536.0,101376054037.83284,631668352.0,1.0569426402432e+20,-5.1257165895981425
24576.0,1536.0,106711635829.29773,631668352.0,1.112571200256e+20,-5.150002382902586
32768.0,1536.0,5500335055.544182,631668352.0,5.66742e+18,-4.225145221755216
32768.0,1536.0,11000670111.088364,631668352.0,1.133484e+19,-4.5932697067710855
32768.0,1536.0,16501005166.632545,631668352.0,1.700226e+19,-4.756536842391204
32768.0,1536.0,22001340222.176727,631668352.0,2.266968e+19,-4.851475120589445
32768.0,1536.0,27501675277.72091,631668352.0,2.83371e+19,-4.932302356764982
32768.0,1536.0,33002010333.26509,631668352.0,3.400452e+19,-4.951623321578214
32768.0,1536.0,38502345388.80927,631668352.0,3.967194e+19,-4.97583186726303
32768.0,1536.0,44002680444.353455,631668352.0,4.533936e+19,-5.017257095381925
32768.0,1536.0,49503015499.89764,631668352.0,5.100678e+19,-5.0352066765281664
32768.0,1536.0,55003350555.44182,631668352.0,5.66742e+19,-5.068030715987394
32768.0,1536.0,60503685610.98601,631668352.0,6.234162000000001e+19,-5.072220207259366
32768.0,1536.0,66004020666.53018,631668352.0,6.800904e+19,-5.070277095839689
32768.0,1536.0,71504355722.07437,631668352.0,7.367646e+19,-5.085457683608245
32768.0,1536.0,77004690777.61855,631668352.0,7.934388e+19,-5.100859046981046
32768.0,1536.0,82505025833.16273,631668352.0,8.50113e+19,-5.112503410384368
32768.0,1536.0,88005360888.70691,631668352.0,9.067872e+19,-5.122840763137053
32768.0,1536.0,93505695944.2511,631668352.0,9.634614e+19,-5.100611091658782
32768.0,1536.0,99006030999.79527,631668352.0,1.0201356e+20,-5.1354216347190835
32768.0,1536.0,104506366055.33946,631668352.0,1.0768098e+20,-5.145087600753019
32768.0,1536.0,110006701110.88364,631668352.0,1.133484e+20,-5.127388359114835
48128.0,1536.0,5698069173.551165,631668352.0,5.8634774976e+18,-4.163528775578279
48128.0,1536.0,11396138347.10233,631668352.0,1.17269549952e+19,-4.521564816838046
48128.0,1536.0,17094207520.653496,631668352.0,1.75904324928e+19,-4.736343716984529
48128.0,1536.0,22792276694.20466,631668352.0,2.34539099904e+19,-4.762780999546786
48128.0,1536.0,28490345867.755825,631668352.0,2.9317387488e+19,-4.870326852207919
48128.0,1536.0,34188415041.30699,631668352.0,3.51808649856e+19,-4.916681622868318
48128.0,1536.0,39886484214.858154,631668352.0,4.10443424832e+19,-4.932066296940585
48128.0,1536.0,45584553388.40932,631668352.0,4.69078199808e+19,-4.983179425602694
48128.0,1536.0,51282622561.96049,631668352.0,5.27712974784e+19,-4.977002000218173
48128.0,1536.0,56980691735.51165,631668352.0,5.8634774976e+19,-4.994094704991121
48128.0,1536.0,62678760909.06282,631668352.0,6.449825247360001e+19,-5.027883386021395
48128.0,1536.0,68376830082.61398,631668352.0,7.03617299712e+19,-5.019008969670077
48128.0,1536.0,74074899256.16515,631668352.0,7.62252074688e+19,-5.037351464634677
48128.0,1536.0,79772968429.71631,631668352.0,8.20886849664e+19,-5.061669682865877
48128.0,1536.0,85471037603.26747,631668352.0,8.7952162464e+19,-5.059082364445468
48128.0,1536.0,91169106776.81863,631668352.0,9.38156399616e+19,-5.085590695744296
48128.0,1536.0,96867175950.3698,631668352.0,9.96791174592e+19,-5.094276761418124
48128.0,1536.0,102565245123.92097,631668352.0,1.055425949568e+20,-5.0909541600997645
48128.0,1536.0,108263314297.47214,631668352.0,1.114060724544e+20,-5.07706580102994
48128.0,1536.0,113961383471.0233,631668352.0,1.17269549952e+20,-5.078603600865145
64512.0,1536.0,5827320225.061033,631668352.0,6.07260549504e+18,-4.166474198704501
64512.0,1536.0,11654640450.122066,631668352.0,1.214521099008e+19,-4.516480779057284
64512.0,1536.0,17481960675.183098,631668352.0,1.821781648512e+19,-4.729839658146639
64512.0,1536.0,23309280900.244133,631668352.0,2.429042198016e+19,-4.809896802311679
64512.0,1536.0,29136601125.305164,631668352.0,3.03630274752e+19,-4.866262769108553
64512.0,1536.0,34963921350.366196,631668352.0,3.643563297024e+19,-4.912852620487948
64512.0,1536.0,40791241575.42723,631668352.0,4.250823846528e+19,-4.945449685459871
64512.0,1536.0,46618561800.488266,631668352.0,4.858084396032e+19,-4.969373082524081
64512.0,1536.0,52445882025.5493,631668352.0,5.465344945536e+19,-4.991642331486483
64512.0,1536.0,58273202250.61033,631668352.0,6.07260549504e+19,-5.010674809819003
64512.0,1536.0,64100522475.67137,631668352.0,6.679866044544001e+19,-5.0485437864120195
64512.0,1536.0,69927842700.73239,631668352.0,7.287126594048e+19,-5.026567792301913
64512.0,1536.0,75755162925.79343,631668352.0,7.894387143552e+19,-5.045963620548982
64512.0,1536.0,81582483150.85446,631668352.0,8.501647693056e+19,-5.052923535710116
64512.0,1536.0,87409803375.9155,631668352.0,9.10890824256e+19,-5.045152520542879
64512.0,1536.0,93237123600.97653,631668352.0,9.716168792064e+19,-5.0690358632858
64512.0,1536.0,99064443826.03757,631668352.0,1.0323429341568e+20,-5.071142529850741
64512.0,1536.0,104891764051.0986,631668352.0,1.0930689891072e+20,-5.084651326542635
64512.0,1536.0,110719084276.15962,631668352.0,1.1537950440576e+20,-5.091837262516757
64512.0,1536.0,116546404501.22066,631668352.0,1.214521099008e+20,-5.097359036808749
96256.0,1536.0,5967685411.163847,631668352.0,6.47779099008e+18,-4.0020564159329295
96256.0,1536.0,11935370822.327694,631668352.0,1.295558198016e+19,-4.348598297494209
96256.0,1536.0,17903056233.491543,631668352.0,1.943337297024e+19,-4.5618169864590525
96256.0,1536.0,23870741644.655388,631668352.0,2.591116396032e+19,-4.660159405129707
96256.0,1536.0,29838427055.819237,631668352.0,3.23889549504e+19,-4.726695354836738
96256.0,1536.0,35806112466.983086,631668352.0,3.886674594048e+19,-4.779274280923164
96256.0,1536.0,41773797878.146935,631668352.0,4.534453693056e+19,-4.793850239175117
96256.0,1536.0,47741483289.310776,631668352.0,5.182232792064e+19,-4.839618976968086
96256.0,1536.0,53709168700.474625,631668352.0,5.830011891072e+19,-4.881788547890937
96256.0,1536.0,59676854111.63847,631668352.0,6.47779099008e+19,-4.877549942391671
96256.0,1536.0,65644539522.80233,631668352.0,7.125570089088001e+19,-4.924368198769844
96256.0,1536.0,71612224933.96617,631668352.0,7.773349188096e+19,-4.946094807046212
96256.0,1536.0,77579910345.13002,631668352.0,8.421128287104e+19,-4.962150867837226
96256.0,1536.0,83547595756.29387,631668352.0,9.068907386112e+19,-4.996021564858711
96256.0,1536.0,89515281167.4577,631668352.0,9.71668648512e+19,-4.979445751565254
96256.0,1536.0,95482966578.62155,631668352.0,1.0364465584128e+20,-4.969751652138985
96256.0,1536.0,101450651989.7854,631668352.0,1.1012244683136e+20,-5.003152187722481
96256.0,1536.0,107418337400.94925,631668352.0,1.1660023782144e+20,-5.023614700692451
96256.0,1536.0,113386022812.1131,631668352.0,1.2307802881152e+20,-5.031793888467109
96256.0,1536.0,119353708223.27695,631668352.0,1.295558198016e+20,-5.020482357400215
4096.0,2048.0,8257471365.578145,1129891136.0,1.871331899136e+19,-4.549029350280762
4096.0,2048.0,16514942731.15629,1129891136.0,3.742663798272e+19,-4.723804473876953
4096.0,2048.0,24772414096.734436,1129891136.0,5.613995697408e+19,-4.842277526855469
4096.0,2048.0,33029885462.31258,1129891136.0,7.485327596544e+19,-4.902247428894043
4096.0,2048.0,41287356827.890724,1129891136.0,9.35665949568e+19,-4.928370475769043
4096.0,2048.0,49544828193.46887,1129891136.0,1.1227991394816e+20,-4.962409496307373
4096.0,2048.0,57802299559.04701,1129891136.0,1.3099323293952e+20,-4.975494861602783
4096.0,2048.0,66059770924.62516,1129891136.0,1.4970655193088e+20,-4.990879058837891
4096.0,2048.0,74317242290.20331,1129891136.0,1.6841987092224e+20,-5.013978004455566
4096.0,2048.0,82574713655.78145,1129891136.0,1.871331899136e+20,-5.045229434967041
4096.0,2048.0,90832185021.3596,1129891136.0,2.0584650890496003e+20,-5.064427375793457
4096.0,2048.0,99089656386.93774,1129891136.0,2.2455982789632e+20,-5.078672409057617
4096.0,2048.0,107347127752.51588,1129891136.0,2.4327314688768e+20,-5.0900750160217285
4096.0,2048.0,115604599118.09402,1129891136.0,2.6198646587904e+20,-5.093433380126953
4096.0,2048.0,123862070483.67218,1129891136.0,2.806997848704e+20,-5.111738204956053
4096.0,2048.0,132119541849.25032,1129891136.0,2.9941310386176e+20,-5.1202874183654785
4096.0,2048.0,140377013214.82846,1129891136.0,3.1812642285312e+20,-5.120885372161865
4096.0,2048.0,148634484580.40662,1129891136.0,3.3683974184448e+20,-5.131787300109863
4096.0,2048.0,156891955945.98474,1129891136.0,3.5555306083584e+20,-5.131618499755859
4096.0,2048.0,165149427311.5629,1129891136.0,3.742663798272e+20,-5.134139060974121
6144.0,2048.0,8785442247.658411,1129891136.0,1.878227334912e+19,-4.650752831686458
6144.0,2048.0,17570884495.316822,1129891136.0,3.756454669824e+19,-4.833620358694515
6144.0,2048.0,26356326742.97523,1129891136.0,5.634682004736e+19,-4.972790528524836
6144.0,2048.0,35141768990.633644,1129891136.0,7.512909339648e+19,-5.037130643118343
6144.0,2048.0,43927211238.29205,1129891136.0,9.39113667456e+19,-5.050626565206966
6144.0,2048.0,52712653485.95046,1129891136.0,1.1269364009472e+20,-5.089763928640804
6144.0,2048.0,61498095733.60887,1129891136.0,1.3147591344384e+20,-5.099095154989681
6144.0,2048.0,70283537981.26729,1129891136.0,1.5025818679296e+20,-5.116281796682796
6144.0,2048.0,79068980228.92569,1129891136.0,1.6904046014208e+20,-5.1284664165863605
6144.0,2048.0,87854422476.5841,1129891136.0,1.878227334912e+20,-5.14811449169012
6144.0,2048.0,96639864724.24252,1129891136.0,2.0660500684032003e+20,-5.145740319479427
6144.0,2048.0,105425306971.90092,1129891136.0,2.2538728018944e+20,-5.157269288290462
6144.0,2048.0,114210749219.55933,1129891136.0,2.4416955353856e+20,-5.167573739279232
6144.0,2048.0,122996191467.21774,1129891136.0,2.6295182688768e+20,-5.188116360891779
6144.0,2048.0,131781633714.87616,1129891136.0,2.817341002368e+20,-5.16328840373846
6144.0,2048.0,140567075962.53458,1129891136.0,3.0051637358592e+20,-5.179347802389583
6144.0,2048.0,149352518210.19296,1129891136.0,3.1929864693504e+20,-5.192879010427913
6144.0,2048.0,158137960457.85138,1129891136.0,3.3808092028416e+20,-5.194522668112239
6144.0,2048.0,166923402705.5098,1129891136.0,3.5686319363328e+20,-5.212614346731624
6144.0,2048.0,175708844953.1682,1129891136.0,3.756454669824e+20,-5.194191743124446
8192.0,2048.0,9163702952.086483,1129891136.0,1.885122770688e+19,-4.671627331961116
8192.0,2048.0,18327405904.172966,1129891136.0,3.770245541376e+19,-4.869827080954036
8192.0,2048.0,27491108856.259445,1129891136.0,5.655368312064e+19,-5.00434475063177
8192.0,2048.0,36654811808.34593,1129891136.0,7.540491082752e+19,-5.0507662784943195
8192.0,2048.0,45818514760.43241,1129891136.0,9.42561385344e+19,-5.093278695333872
8192.0,2048.0,54982217712.51889,1129891136.0,1.1310736624128e+20,-5.104491997946224
8192.0,2048.0,64145920664.60538,1129891136.0,1.3195859394816e+20,-5.130809594381771
8192.0,2048.0,73309623616.69186,1129891136.0,1.5080982165504e+20,-5.151686955679376
8192.0,2048.0,82473326568.77834,1129891136.0,1.6966104936192e+20,-5.188486386526546
8192.0,2048.0,91637029520.86482,1129891136.0,1.885122770688e+20,-5.183601189840755
8192.0,2048.0,100800732472.95131,1129891136.0,2.0736350477568003e+20,-5.1959784519562335
8192.0,2048.0,109964435425.03778,1129891136.0,2.2621473248256e+20,-5.195370007742366
8192.0,2048.0,119128138377.12427,1129891136.0,2.4506596018944e+20,-5.22318248866888
8192.0,2048.0,128291841329.21075,1129891136.0,2.6391718789632e+20,-5.213847924459896
8192.0,2048.0,137455544281.29724,1129891136.0,2.827684156032e+20,-5.215049077261409
8192.0,2048.0,146619247233.38373,1129891136.0,3.0161964331008e+20,-5.219795037497005
8192.0,2048.0,155782950185.47018,1129891136.0,3.2047087101696e+20,-5.226016808737239
8192.0,2048.0,164946653137.55667,1129891136.0,3.3932209872384e+20,-5.228530694235286
8192.0,2048.0,174110356089.64316,1129891136.0,3.5817332643072e+20,-5.2217443477997385
8192.0,2048.0,183274059041.72964,1129891136.0,3.770245541376e+20,-5.241939355123957
10240.0,2048.0,9456470634.461279,1129891136.0,1.892018206464e+19,-4.639813581251194
10240.0,2048.0,18912941268.922558,1129891136.0,3.784036412928e+19,-4.873767534040501
10240.0,2048.0,28369411903.38384,1129891136.0,5.676054619392e+19,-4.9695359857311745
10240.0,2048.0,37825882537.845116,1129891136.0,7.568072825856e+19,-5.06013981416135
10240.0,2048.0,47282353172.3064,1129891136.0,9.46009103232e+19,-5.083472409986546
10240.0,2048.0,56738823806.76768,1129891136.0,1.1352109238784e+20,-5.115840116285374
10240.0,2048.0,66195294441.22896,1129891136.0,1.3244127445248e+20,-5.1283847482433815
10240.0,2048.0,75651765075.69023,1129891136.0,1.5136145651712e+20,-5.127029577039768
10240.0,2048.0,85108235710.15152,1129891136.0,1.7028163858176e+20,-5.173552671217014
10240.0,2048.0,94564706344.6128,1129891136.0,1.892018206464e+20,-5.165124574445774
10240.0,2048.0,104021176979.0741,1129891136.0,2.0812200271104003e+20,-5.184685388349583
10240.0,2048.0,113477647613.53535,1129891136.0,2.2704218477568e+20,-5.200712362073948
10240.0,2048.0,122934118247.99664,1129891136.0,2.4596236684032e+20,-5.208808103345921
10240.0,2048.0,132390588882.45792,1129891136.0,2.6488254890496e+20,-5.216413179182102
10240.0,2048.0,141847059516.9192,1129891136.0,2.838027309696e+20,-5.208161512159397
10240.0,2048.0,151303530151.38046,1129891136.0,3.0272291303424e+20,-5.226838269971897
10240.0,2048.0,160760000785.84177,1129891136.0,3.2164309509888e+20,-5.233221689008762
10240.0,2048.0,170216471420.30304,1129891136.0,3.4056327716352e+20,-5.218444028638889
10240.0,2048.0,179672942054.7643,1129891136.0,3.5948345922816e+20,-5.240558305524876
10240.0,2048.0,189129412689.2256,1129891136.0,3.784036412928e+20,-5.299011388563206
16384.0,2048.0,10061206593.565912,1129891136.0,1.912704513792e+19,-4.6561458599457355
16384.0,2048.0,20122413187.131824,1129891136.0,3.825409027584e+19,-4.9081271183380695
16384.0,2048.0,30183619780.697735,1129891136.0,5.738113541376e+19,-5.043612767446954
16384.0,2048.0,40244826374.26365,1129891136.0,7.650818055168e+19,-5.113216210592708
16384.0,2048.0,50306032967.82956,1129891136.0,9.56352256896e+19,-5.138769437063655
16384.0,2048.0,60367239561.39547,1129891136.0,1.1476227082752e+20,-5.184844304312191
16384.0,2048.0,70428446154.96138,1129891136.0,1.3388931596544e+20,-5.2040889751801105
16384.0,2048.0,80489652748.5273,1129891136.0,1.5301636110336e+20,-5.222254563559016
16384.0,2048.0,90550859342.09322,1129891136.0,1.7214340624128e+20,-5.235244561422786
16384.0,2048.0,100612065935.65912,1129891136.0,1.912704513792e+20,-5.254087735403499
16384.0,2048.0,110673272529.22505,1129891136.0,2.1039749651712003e+20,-5.259096909750423
16384.0,2048.0,120734479122.79094,1129891136.0,2.2952454165504e+20,-5.270261098135433
16384.0,2048.0,130795685716.35686,1129891136.0,2.4865158679296e+20,-5.272400666464289
16384.0,2048.0,140856892309.92276,1129891136.0,2.6777863193088e+20,-5.2768195164093585
16384.0,2048.0,150918098903.48868,1129891136.0,2.869056770688e+20,-5.282358933676204
16384.0,2048.0,160979305497.0546,1129891136.0,3.0603272220672e+20,-5.281503964651546
16384.0,2048.0,171040512090.6205,1129891136.0,3.2515976734464e+20,-5.293231774557552
16384.0,2048.0,181101718684.18643,1129891136.0,3.4428681248256e+20,-5.300554085958919
16384.0,2048.0,191162925277.75232,1129891136.0,3.6341385762048e+20,-5.307219792593441
16384.0,2048.0,201224131871.31824,1129891136.0,3.825409027584e+20,-5.3062618267426105
24576.0,2048.0,10555591414.161581,1129891136.0,1.940286256896e+19,-4.628282213801603
24576.0,2048.0,21111182828.323162,1129891136.0,3.880572513792e+19,-4.846391344660978
24576.0,2048.0,31666774242.48474,1129891136.0,5.820858770688e+19,-4.976155901545743
24576.0,2048.0,42222365656.646324,1129891136.0,7.761145027584e+19,-5.082860613459806
24576.0,2048.0,52777957070.8079,1129891136.0,9.70143128448e+19,-5.097007895106534
24576.0,2048.0,63333548484.96948,1129891136.0,1.1641717541376e+20,-5.126993799800138
24576.0,2048.0,73889139899.13106,1129891136.0,1.3582003798272e+20,-5.152399206752042
24576.0,2048.0,84444731313.29265,1129891136.0,1.5522290055168e+20,-5.198437357539396
24576.0,2048.0,95000322727.45422,1129891136.0,1.7462576312064e+20,-5.219459200495939
24576.0,2048.0,105555914141.6158,1129891136.0,1.940286256896e+20,-5.196850443476896
24576.0,2048.0,116111505555.77739,1129891136.0,2.1343148825856003e+20,-5.2063108926956465
24576.0,2048.0,126667096969.93896,1129891136.0,2.3283435082752e+20,-5.231269503230314
24576.0,2048.0,137222688384.10054,1129891136.0,2.5223721339648e+20,-5.2210718637649824
24576.0,2048.0,147778279798.26212,1129891136.0,2.7164007596544e+20,-5.230995321864347
24576.0,2048.0,158333871212.4237,1129891136.0,2.910429385344e+20,-5.23415246068881
24576.0,2048.0,168889462626.5853,1129891136.0,3.1044580110336e+20,-5.242539072627286
24576.0,2048.0,179445054040.74686,1129891136.0,3.2984866367232e+20,-5.2426096445267
24576.0,2048.0,190000645454.90845,1129891136.0,3.4925152624128e+20,-5.314260149592618
24576.0,2048.0,200556236869.07004,1129891136.0,3.6865438881024e+20,-5.3201672083084395
24576.0,2048.0,211111828283.2316,1129891136.0,3.880572513792e+20,-5.270451212519864
32768.0,2048.0,10881529279.560331,1129891136.0,1.967868e+19,-4.6391876657517965
32768.0,2048.0,21763058559.120663,1129891136.0,3.935736e+19,-4.912145467570644
32768.0,2048.0,32644587838.680992,1129891136.0,5.903604e+19,-5.058591695597988
32768.0,2048.0,43526117118.241325,1129891136.0,7.871472e+19,-5.13733181553207
32768.0,2048.0,54407646397.80166,1129891136.0,9.83934e+19,-5.185718866160732
32768.0,2048.0,65289175677.361984,1129891136.0,1.1807208e+20,-5.210697980693203
32768.0,2048.0,76170704956.92232,1129891136.0,1.3775076e+20,-5.221062513163906
32768.0,2048.0,87052234236.48265,1129891136.0,1.5742944e+20,-5.254707189372402
32768.0,2048.0,97933763516.04298,1129891136.0,1.7710812e+20,-5.2583869417222555
32768.0,2048.0,108815292795.60332,1129891136.0,1.967868e+20,-5.273420186808925
32768.0,2048.0,119696822075.16365,1129891136.0,2.1646548000000003e+20,-5.277967782786709
32768.0,2048.0,130578351354.72397,1129891136.0,2.3614416e+20,-5.301620336345058
32768.0,2048.0,141459880634.2843,1129891136.0,2.5582284e+20,-5.309800954631191
32768.0,2048.0,152341409913.84464,1129891136.0,2.7550152e+20,-5.29670795994125
32768.0,2048.0,163222939193.40497,1129891136.0,2.951802e+20,-5.310772748759609
32768.0,2048.0,174104468472.9653,1129891136.0,3.1485888e+20,-5.316659780314785
32768.0,2048.0,184985997752.52563,1129891136.0,3.3453756e+20,-5.333228917888027
32768.0,2048.0,195867527032.08597,1129891136.0,3.5421624e+20,-5.312491746714931
32768.0,2048.0,206749056311.6463,1129891136.0,3.7389492e+20,-5.342721792033535
32768.0,2048.0,217630585591.20663,1129891136.0,3.935736e+20,-5.336408944896084
48128.0,2048.0,11272714466.08678,1129891136.0,2.01958376832e+19,-4.498948864761232
48128.0,2048.0,22545428932.17356,1129891136.0,4.03916753664e+19,-4.766780667129396
48128.0,2048.0,33818143398.260345,1129891136.0,6.05875130496e+19,-4.916940502944826
48128.0,2048.0,45090857864.34712,1129891136.0,8.07833507328e+19,-4.989575199905275
48128.0,2048.0,56363572330.43391,1129891136.0,1.00979188416e+20,-5.0501330421599135
48128.0,2048.0,67636286796.52069,1129891136.0,1.211750260992e+20,-5.068527035537599
48128.0,2048.0,78909001262.60747,1129891136.0,1.413708637824e+20,-5.091656021896242
48128.0,2048.0,90181715728.69424,1129891136.0,1.615667014656e+20,-5.130188755813478
48128.0,2048.0,101454430194.78104,1129891136.0,1.817625391488e+20,-5.143739514175294
48128.0,2048.0,112727144660.86781,1129891136.0,2.01958376832e+20,-5.154133610549806
48128.0,2048.0,123999859126.9546,1129891136.0,2.2215421451520003e+20,-5.169098667922853
48128.0,2048.0,135272573593.04138,1129891136.0,2.423500521984e+20,-5.1844080017241225
48128.0,2048.0,146545288059.12814,1129891136.0,2.625458898816e+20,-5.244962982955812
48128.0,2048.0,157818002525.21494,1129891136.0,2.827417275648e+20,-5.26278572541797
48128.0,2048.0,169090716991.30173,1129891136.0,3.02937565248e+20,-5.229945950332521
48128.0,2048.0,180363431457.3885,1129891136.0,3.231334029312e+20,-5.269666008773683
48128.0,2048.0,191636145923.47528,1129891136.0,3.433292406144e+20,-5.286742977920412
48128.0,2048.0,202908860389.56207,1129891136.0,3.635250782976e+20,-5.29468327027881
48128.0,2048.0,214181574855.64883,1129891136.0,3.837209159808e+20,-5.300198368850587
48128.0,2048.0,225454289321.73563,1129891136.0,4.03916753664e+20,-5.31485395890796
64512.0,2048.0,11528416907.340961,1129891136.0,2.074747254528e+19,-4.5853417932981335
64512.0,2048.0,23056833814.681923,1129891136.0,4.149494509056e+19,-4.841724735497837
64512.0,2048.0,34585250722.02288,1129891136.0,6.224241763584e+19,-4.9949554026120975
64512.0,2048.0,46113667629.363846,1129891136.0,8.298989018112e+19,-5.093479496240027
64512.0,2048.0,57642084536.7048,1129891136.0,1.037373627264e+20,-5.139577728509315
64512.0,2048.0,69170501444.04576,1129891136.0,1.2448483527168e+20,-5.143732410668738
64512.0,2048.0,80698918351.38672,1129891136.0,1.4523230781696e+20,-5.144516807793982
64512.0,2048.0,92227335258.72769,1129891136.0,1.6597978036224e+20,-5.165481907128699
64512.0,2048.0,103755752166.06865,1129891136.0,1.8672725290752e+20,-5.201959949731239
64512.0,2048.0,115284169073.4096,1129891136.0,2.074747254528e+20,-5.251417976617224
64512.0,2048.0,126812585980.75058,1129891136.0,2.2822219799808003e+20,-5.226494175195106
64512.0,2048.0,138341002888.09152,1129891136.0,2.4896967054336e+20,-5.270601612328895
64512.0,2048.0,149869419795.4325,1129891136.0,2.6971714308864e+20,-5.241161209344275
64512.0,2048.0,161397836702.77344,1129891136.0,2.9046461563392e+20,-5.22426639199198
64512.0,2048.0,172926253610.1144,1129891136.0,3.112120881792e+20,-5.28794751763285
64512.0,2048.0,184454670517.45538,1129891136.0,3.3195956072448e+20,-5.258900982140907
64512.0,2048.0,195983087424.79633,1129891136.0,3.5270703326976e+20,-5.265545231103308
64512.0,2048.0,207511504332.1373,1129891136.0,3.7345450581504e+20,-5.269302707909949
64512.0,2048.0,219039921239.47824,1129891136.0,3.9420197836032e+20,-5.2760203897947155
64512.0,2048.0,230568338146.8192,1129891136.0,4.149494509056e+20,-5.28933797478617
96256.0,2048.0,11806106878.403568,1129891136.0,2.181626509056e+19,-4.403460940372961
96256.0,2048.0,23612213756.807137,1129891136.0,4.363253018112e+19,-4.671040495884435
96256.0,2048.0,35418320635.2107,1129891136.0,6.544879527168e+19,-4.8468784895062615
96256.0,2048.0,47224427513.61427,1129891136.0,8.726506036224e+19,-4.916445216190832
96256.0,2048.0,59030534392.01784,1129891136.0,1.090813254528e+20,-4.98637863065006
96256.0,2048.0,70836641270.4214,1129891136.0,1.3089759054336e+20,-5.021347006809728
96256.0,2048.0,82642748148.82498,1129891136.0,1.5271385563392e+20,-5.02535100842716
96256.0,2048.0,94448855027.22855,1129891136.0,1.7453012072448e+20,-5.068804224979894
96256.0,2048.0,106254961905.63211,1129891136.0,1.9634638581504e+20,-5.073954066288483
96256.0,2048.0,118061068784.03568,1129891136.0,2.181626509056e+20,-5.097416838657873
96256.0,2048.0,129867175662.43927,1129891136.0,2.3997891599616003e+20,-5.146814307224767
96256.0,2048.0,141673282540.8428,1129891136.0,2.6179518108672e+20,-5.1093601789593865
96256.0,2048.0,153479389419.2464,1129891136.0,2.8361144617728e+20,-5.162518462193029
96256.0,2048.0,165285496297.64996,1129891136.0,3.0542771126784e+20,-5.1766724195599725
96256.0,2048.0,177091603176.05353,1129891136.0,3.272439763584e+20,-5.191235980045812
96256.0,2048.0,188897710054.4571,1129891136.0,3.4906024144896e+20,-5.202538451206701
96256.0,2048.0,200703816932.86066,1129891136.0,3.7087650653952e+20,-5.215418299686926
96256.0,2048.0,212509923811.26422,1129891136.0,3.9269277163008e+20,-5.188731154453771
96256.0,2048.0,224316030689.6678,1129891136.0,4.1450903672064e+20,-5.2172984686017205
96256.0,2048.0,236122137568.07135,1129891136.0,4.363253018112e+20,-5.199583968174474
